EvalNumber,Fitness,TimeElapsed,initialGrass,initialBunny,initialFox,bunnyStart,bunnyFood,bunnyCooldown,bunnyFed,bunnyChildren,bunnyLiveLength,foxStart,foxCooldown,foxFed,foxChildren,foxLiveLength,grassFood,grassCooldown,grassChildren,grassLiveLength
1,13,0.0661,14,20,9,25,19,43,20,3,31,31,19,4,1,13,29,23,2,34
2,11,0.0419,32,20,18,17,20,14,26,4,41,18,17,25,2,24,4,20,4,11
3,18,0.0581,12,24,39,28,12,19,23,2,27,18,13,19,1,14,16,1,1,17
4,17,0.0317,28,30,18,23,23,6,37,2,17,14,20,22,2,31,28,23,2,24
5,28,0.0487,36,24,25,31,26,7,44,3,28,22,7,42,3,26,30,4,2,14
6,12,0.0411,22,33,1,20,34,25,8,4,35,12,15,25,1,26,34,18,4,22
7,7,0.0323,1,21,35,17,22,34,33,3,18,26,12,10,1,30,18,10,4,20
8,23,0.0418,37,29,20,22,30,28,33,3,27,9,5,10,3,27,46,23,1,34
9,3,0.023,25,36,30,21,22,18,33,3,3,36,18,30,4,45,25,38,3,35
10,28,0.0628,18,32,2,31,25,30,32,1,43,39,30,13,3,44,35,15,4,18
11,7,0.0388,25,20,26,31,23,13,34,2,19,21,36,27,2,7,26,25,3,27
12,9,0.0395,18,28,29,17,38,38,33,4,11,34,49,34,3,26,28,39,3,26
13,2,0.0224,39,17,11,18,18,29,15,4,2,18,20,26,2,32,27,33,2,18
14,18,0.0378,46,31,23,33,39,15,27,1,35,27,20,19,4,16,34,28,2,28
15,11,0.0315,18,21,26,16,22,26,49,3,30,21,18,22,3,46,20,18,1,12
16,19,0.0431,21,41,35,27,28,21,42,1,38,25,27,12,1,24,31,4,4,25
17,14,0.0398,7,37,16,40,23,13,15,3,43,16,8,17,2,39,18,49,2,18
18,14,0.0348,32,21,7,17,29,27,16,4,19,18,49,39,3,17,15,13,2,25
19,27,0.129,33,33,33,43,28,3,10,4,31,45,13,15,4,14,47,31,2,29
20,17,0.0477,29,30,33,20,27,31,18,1,28,15,33,20,4,23,21,25,3,24
21,20,0.0799,18,32,25,26,30,20,47,3,20,23,18,25,1,46,39,3,3,31
22,19,0.0485,35,34,9,36,25,20,34,4,21,29,15,27,4,46,29,34,1,22
23,17,0.0378,30,23,18,30,17,18,36,3,44,33,16,33,1,15,39,36,4,22
24,15,0.0958,32,37,21,31,26,22,37,4,39,35,6,22,3,20,32,18,4,17
25,17,0.0588,38,27,18,45,29,3,38,1,21,32,13,22,2,21,48,20,4,18
26,2,0.0391,30,40,14,47,41,30,25,1,23,38,9,17,4,22,49,14,3,2
27,16,0.0628,18,22,30,43,28,2,33,1,21,31,22,3,2,16,49,39,1,21
28,28,0.063,40,33,4,31,37,24,40,2,32,20,21,19,3,37,22,18,2,24
29,20,0.0885,22,16,24,29,35,14,23,2,35,33,18,22,3,29,37,6,4,24
30,36,0.1744,42,28,19,23,15,7,35,4,37,17,2,24,4,39,48,5,3,35
31,24,0.1217,31,49,20,31,49,3,39,4,23,15,19,23,3,30,26,13,1,18
32,5,0.0594,34,19,34,28,29,2,13,3,32,34,10,40,4,23,25,24,4,5
33,12,0.0859,45,20,33,38,5,11,18,2,49,23,6,23,2,13,45,14,3,42
34,5,0.0665,43,1,19,36,16,7,30,2,14,41,11,27,4,44,20,17,1,43
35,44,0.3647,20,36,22,35,25,6,37,1,32,19,10,26,2,34,27,1,3,8
36,21,0.1108,24,25,31,28,37,12,41,2,36,47,16,24,1,21,45,17,4,21
37,32,0.114,49,22,17,43,21,22,28,1,44,42,20,33,1,47,36,18,4,31
38,18,0.1598,39,30,38,24,33,15,31,4,46,19,10,22,3,22,26,10,3,25
39,18,0.1443,27,29,30,43,37,23,13,2,39,25,42,3,3,24,31,14,2,20
40,23,0.1731,31,45,21,22,24,8,40,1,37,15,21,14,4,43,39,13,2,15
41,26,0.2868,31,46,38,21,26,1,44,2,40,24,19,17,4,49,43,4,4,34
42,38,0.2628,30,26,20,36,47,1,42,3,35,37,18,17,3,45,44,8,4,25
43,41,0.6466,42,44,22,26,22,1,46,2,41,18,13,30,4,23,26,2,2,20
44,43,0.105,33,33,14,10,34,10,31,2,43,31,21,21,1,40,32,6,4,25
45,38,0.1456,39,31,11,26,27,17,46,1,43,40,4,37,3,44,49,8,4,28
46,36,0.0807,15,30,7,31,20,5,37,1,46,35,14,41,1,35,49,4,1,27
47,31,0.0755,33,27,8,39,15,23,37,1,42,27,24,22,2,32,25,20,1,26
48,32,0.0886,29,49,10,40,24,6,44,2,28,25,11,37,2,42,49,12,3,23
49,32,0.0784,37,23,13,49,22,27,21,2,33,30,20,17,4,27,26,8,2,29
50,2,0.0399,39,34,8,46,21,26,49,2,39,7,20,34,4,3,28,44,4,22
51,15,0.0677,31,31,3,39,22,22,12,2,37,26,5,16,3,37,24,27,4,16
52,28,0.0955,41,32,17,29,47,8,43,1,38,28,16,25,3,35,45,14,3,27
53,21,0.0636,35,38,15,29,17,10,21,1,24,10,8,37,3,22,23,15,2,30
54,15,0.1032,29,34,27,43,27,9,40,1,20,20,6,33,4,33,42,15,3,21
55,27,0.1186,25,38,16,25,28,25,30,2,35,31,21,24,2,36,44,12,2,35
56,9,0.0654,46,31,12,40,1,13,47,1,35,8,16,30,1,46,34,3,4,18
57,15,0.0609,28,38,3,22,21,14,41,1,36,10,12,23,4,48,47,30,3,16
58,55,0.5359,29,44,34,27,31,1,36,3,36,19,21,9,3,29,21,1,4,23
59,35,0.2877,12,33,25,29,40,19,40,2,27,20,49,32,2,38,27,1,2,21
60,23,0.1878,24,22,14,41,15,13,43,2,28,39,12,15,4,41,34,7,4,30
61,37,0.1385,47,37,6,37,33,11,49,3,41,14,21,24,3,37,20,9,3,22
62,52,0.2891,48,45,8,23,29,7,32,2,41,29,8,7,3,48,48,4,3,23
63,23,0.0844,42,42,27,22,18,18,14,1,43,29,29,38,4,32,29,8,4,20
64,25,0.1013,32,30,33,24,38,14,25,3,45,31,12,21,1,33,17,4,3,21
65,21,0.0884,33,45,31,25,38,22,34,4,36,24,29,32,2,29,37,19,2,20
66,50,0.2823,20,28,11,10,37,15,47,1,48,17,7,13,1,49,44,1,4,27
67,20,0.0966,30,23,15,26,16,10,34,3,33,36,22,1,1,19,33,17,1,31
68,26,0.1508,42,44,15,26,21,5,43,2,49,15,21,3,3,22,29,5,2,19
69,13,0.0763,4,40,4,18,13,25,49,2,44,28,32,6,2,36,20,6,4,19
70,28,0.0691,41,19,6,36,44,10,48,2,27,36,14,22,4,23,35,22,3,24
71,16,0.0914,32,38,27,34,24,6,49,1,17,9,3,18,4,32,15,4,2,40
72,39,0.4186,26,29,3,25,30,1,41,1,44,30,1,16,3,38,32,2,4,43
73,31,0.0606,17,22,13,25,9,4,38,1,40,16,15,37,1,49,34,9,2,20
74,50,0.2766,39,35,21,43,26,9,40,2,34,3,26,21,4,48,49,1,4,13
75,18,0.1003,22,44,2,20,16,17,17,1,34,37,27,13,4,31,28,6,3,11
76,14,0.1181,49,16,17,18,40,6,36,1,14,29,21,14,2,14,9,2,3,11
77,28,0.1413,24,45,13,37,20,20,31,2,32,26,6,32,1,36,45,27,4,34
78,17,0.1579,27,19,7,20,32,35,48,3,36,6,23,25,3,24,44,6,2,27
79,30,0.1365,25,46,5,22,13,6,42,4,32,34,16,32,3,38,10,6,4,20
80,41,0.2629,45,45,30,20,39,2,48,2,41,5,10,23,3,31,15,5,4,29
81,20,0.209,49,34,5,36,38,1,42,3,33,3,16,5,3,49,17,18,3,29
82,7,0.0911,48,34,13,33,39,18,42,4,47,33,2,28,1,44,32,13,4,7
83,2,0.0679,36,34,21,4,25,14,36,3,21,13,12,22,3,43,21,15,3,2
84,26,0.1664,46,47,3,27,15,14,19,1,38,35,25,31,2,49,26,21,4,40
85,32,0.1065,25,21,6,30,47,11,30,2,40,13,1,17,2,34,29,7,4,37
86,30,0.1293,48,32,2,25,49,15,45,2,47,28,7,20,2,32,14,3,3,43
87,31,0.4407,46,41,3,28,28,1,47,1,39,15,12,34,3,49,44,4,4,28
88,25,0.0928,19,33,3,15,46,11,39,1,45,11,2,20,2,36,44,9,4,14
89,17,0.1106,39,49,1,38,29,9,48,3,24,45,25,10,3,43,26,17,2,22
90,15,0.1411,49,26,11,40,21,5,49,3,49,26,4,2,3,43,35,17,4,15
91,15,0.3238,42,48,16,31,33,7,27,3,39,17,2,10,4,40,49,20,4,31
92,16,0.0978,27,39,13,12,46,4,44,2,33,18,10,44,2,43,45,23,3,17
93,24,0.1096,42,32,18,6,18,4,17,1,47,39,35,8,3,23,20,10,4,38
94,35,0.1088,34,27,3,20,36,13,31,1,49,17,21,2,2,48,35,17,3,43
95,24,0.1636,47,43,6,49,35,20,33,4,35,5,2,32,2,48,27,21,2,24
96,27,0.0758,21,19,7,17,49,12,30,1,37,23,9,42,3,34,22,22,4,30
97,46,0.3784,45,46,10,14,27,1,33,1,31,8,29,19,3,46,49,6,4,42
98,15,0.1236,31,47,35,37,42,25,48,3,37,11,3,6,1,41,23,19,3,17
99,23,0.1161,33,49,2,18,47,36,35,1,34,8,20,14,2,42,26,7,4,22
100,44,0.1193,48,49,14,22,31,8,48,3,37,4,16,18,3,44,31,6,4,31
101,22,0.0871,45,44,1,19,41,4,28,1,49,17,11,17,4,48,33,12,4,19
102,24,0.0577,30,24,1,26,29,18,33,2,37,24,10,35,3,38,41,25,4,37
103,16,0.0581,39,48,2,14,47,10,49,1,35,2,6,8,4,45,37,16,4,42
104,44,0.1421,48,47,8,24,42,20,39,3,45,16,15,11,3,49,45,10,4,36
105,33,0.1144,49,48,9,24,37,2,31,1,42,25,12,17,4,49,26,20,4,25
106,1,0.0329,48,34,6,1,11,34,46,3,45,4,10,27,2,49,44,12,4,20
107,19,0.0616,15,32,29,12,39,23,35,1,40,13,11,16,1,19,18,5,4,48
108,21,0.0775,41,23,26,4,49,6,18,4,43,15,13,10,4,48,36,12,4,38
109,30,0.1434,40,9,17,26,45,2,36,2,28,2,43,27,4,49,27,4,4,20
110,28,0.1042,30,31,23,24,45,13,36,2,35,7,11,16,3,45,35,20,4,27
111,52,0.4048,49,31,14,5,36,1,38,2,46,8,15,38,3,46,42,6,4,33
112,48,0.1138,48,35,7,22,37,19,47,2,44,10,18,24,4,49,32,7,4,49
113,21,0.0752,30,47,29,7,43,11,41,3,42,11,21,31,3,38,22,19,3,43
114,33,0.0625,37,29,2,10,22,8,43,3,42,22,2,26,4,44,22,9,3,42
115,34,0.1039,40,20,9,33,17,11,45,4,34,3,14,11,4,49,40,10,4,36
116,22,0.0702,42,24,6,31,37,14,41,1,49,3,8,16,4,31,35,16,4,36
117,13,0.0795,42,43,1,43,49,11,1,1,39,3,8,20,3,41,39,8,3,35
118,46,0.167,30,44,22,40,31,6,35,3,43,7,9,18,4,34,18,6,4,38
119,42,0.2287,28,49,16,22,34,24,18,3,48,16,19,16,3,37,32,4,3,19
120,41,0.1814,49,28,3,24,23,11,32,2,38,26,15,6,4,28,38,5,4,36
121,21,0.0739,28,44,6,18,25,14,41,3,42,3,22,17,4,28,29,7,4,29
122,1,0.0408,37,47,1,4,49,8,49,3,24,1,10,18,4,45,49,6,3,18
123,1,0.0375,43,48,9,21,49,14,46,2,44,1,15,21,4,17,16,21,3,44
124,37,0.0917,41,28,7,29,49,10,43,2,31,7,6,37,3,40,34,5,2,15
125,24,0.0782,48,49,12,4,36,11,45,1,33,15,1,28,1,31,39,22,4,36
126,13,0.0858,47,42,1,32,39,12,24,2,49,7,4,8,4,33,29,24,4,35
127,1,0.0394,41,47,10,1,32,34,39,1,37,7,2,17,4,35,25,7,3,18
128,1,0.0374,31,44,3,15,24,24,47,2,44,1,27,4,3,36,20,29,4,35
129,36,0.1221,40,39,13,23,27,8,29,1,37,4,25,24,4,36,16,4,4,36
130,26,0.0795,26,48,5,21,42,2,42,1,43,17,28,32,4,47,26,17,4,48
131,23,0.0726,12,38,8,19,25,11,22,3,40,20,18,36,4,30,37,13,4,44
132,31,0.1037,38,30,22,21,33,2,32,1,49,12,23,11,2,47,24,18,4,42
133,44,0.2188,43,37,2,7,43,25,49,2,44,18,20,30,3,49,22,3,4,39
134,41,0.0983,46,38,14,26,49,5,35,2,36,4,15,20,4,42,43,14,4,41
135,31,0.0481,49,16,4,6,32,21,46,1,45,13,4,15,4,49,9,20,4,48
136,25,0.0773,46,19,14,17,18,26,18,1,42,17,15,39,4,27,32,4,4,45
137,29,0.0719,26,40,11,29,41,7,49,2,46,27,10,49,3,22,18,10,3,49
138,8,0.0507,31,48,27,11,38,18,40,3,49,4,27,30,4,46,44,20,3,8
139,34,0.0828,48,49,10,15,45,8,28,4,46,18,41,17,1,47,28,17,4,27
140,1,0.0303,34,29,15,1,28,3,49,3,45,19,7,14,4,49,32,3,3,44
141,37,0.1326,31,24,3,23,42,17,21,3,35,7,14,2,3,49,33,7,4,39
142,24,0.1216,44,33,24,34,49,18,47,1,37,10,19,1,3,44,3,14,4,49
143,33,0.1149,41,30,4,27,43,4,23,1,46,19,31,26,4,35,29,7,4,35
144,39,0.0866,46,36,10,8,44,6,49,1,49,28,35,32,3,48,25,10,2,26
145,35,0.1013,48,34,15,35,47,16,38,1,40,3,11,24,4,49,16,23,3,37
146,26,0.1405,49,36,9,29,34,15,46,1,38,11,31,31,4,25,33,2,4,30
147,24,0.0848,41,48,16,6,33,18,47,2,42,19,12,14,4,39,21,20,4,33
148,25,0.0814,44,46,19,27,46,2,48,1,38,17,21,33,4,38,20,14,3,47
149,44,0.3212,45,42,5,10,48,6,37,2,49,23,13,30,4,41,24,1,3,49
150,28,0.0849,39,49,5,22,33,6,48,2,49,35,30,6,3,42,49,22,4,44
151,13,0.0576,18,45,1,30,38,16,45,2,39,29,17,31,4,49,26,19,3,19
152,35,0.2661,48,38,9,26,46,2,34,2,37,3,6,36,3,46,30,5,4,40
153,70,0.4656,40,32,10,22,44,4,43,4,44,15,18,14,3,40,16,5,3,39
154,36,0.1042,48,47,29,8,10,9,37,1,49,13,24,42,3,49,18,4,3,14
155,36,0.1015,34,46,23,17,34,13,18,4,49,3,35,22,1,45,17,7,3,31
156,35,0.1083,45,44,19,7,49,13,44,3,49,15,24,13,4,34,43,5,4,27
157,26,0.0672,36,29,24,18,49,17,48,2,36,5,9,49,4,36,17,14,4,45
158,41,0.078,49,21,11,7,42,11,38,1,48,9,44,21,4,47,22,7,3,33
159,28,0.0615,28,18,24,21,49,19,33,4,48,9,38,43,4,40,13,16,3,19
160,19,0.1157,48,44,22,9,38,26,49,3,42,24,2,40,4,47,34,16,4,30
161,17,0.1402,41,48,36,32,46,9,47,2,41,25,9,14,1,41,25,11,4,33
162,28,0.1076,24,33,11,16,8,2,42,1,48,19,47,6,3,38,20,11,3,47
163,24,0.1342,49,39,29,40,28,23,46,4,27,8,38,10,3,49,49,10,4,17
164,32,0.161,43,26,1,46,48,7,48,1,42,33,31,24,4,46,24,8,4,49
165,41,0.3065,36,21,9,25,49,12,48,2,49,14,20,35,4,41,8,1,4,25
166,24,0.0809,46,20,5,31,38,12,48,1,39,4,29,21,3,37,28,8,3,14
167,12,0.0876,28,28,3,23,27,7,42,4,42,11,5,14,3,49,34,26,4,13
168,10,0.0671,23,36,18,4,42,6,49,1,29,8,28,30,4,49,33,29,3,10
169,36,0.3319,41,31,8,14,42,7,46,1,49,2,15,30,3,38,8,1,4,47
170,30,0.1028,48,38,44,13,33,2,34,1,49,3,20,17,4,49,20,19,3,31
171,48,0.3787,46,25,23,7,43,3,42,3,37,3,28,18,4,44,40,1,4,39
172,24,0.1145,49,41,16,17,44,21,49,2,23,28,45,1,4,46,22,5,4,29
173,6,0.047,45,20,1,4,29,1,20,2,47,20,33,3,3,32,24,40,4,6
174,16,0.087,35,47,36,5,33,4,43,1,35,6,27,5,3,49,11,12,3,34
175,124,0.9011,48,35,7,22,29,4,31,2,30,43,15,21,4,49,49,3,2,41
176,1,0.0376,28,25,6,10,46,1,36,2,37,1,23,10,4,30,11,3,3,29
177,15,0.0745,26,34,25,7,31,6,48,1,32,26,34,23,3,49,7,7,4,43
178,22,0.0467,12,27,10,12,13,18,30,1,49,2,5,30,3,49,13,14,4,49
179,69,0.403,49,27,13,20,49,1,49,1,49,8,12,33,4,43,16,5,4,37
180,52,0.2388,26,25,20,16,45,8,23,3,46,5,7,23,4,43,19,3,3,32
181,19,0.0957,45,48,14,10,33,11,40,1,24,24,25,36,3,29,22,12,4,38
182,42,0.1109,48,26,16,13,32,2,46,2,49,12,25,32,4,45,40,14,3,48
183,28,0.1941,48,25,2,7,49,4,38,2,42,7,31,16,4,34,41,1,3,31
184,22,0.099,47,29,1,13,47,18,46,3,47,49,12,11,4,28,40,3,4,44
185,46,0.2261,42,10,14,30,28,3,45,2,45,21,15,43,4,49,13,1,4,15
186,29,0.0995,31,28,19,13,32,9,42,1,32,17,36,16,4,34,22,4,4,23
187,61,0.3712,49,21,5,27,26,4,34,3,42,29,21,25,4,49,34,9,4,43
188,49,0.225,33,43,13,41,49,2,45,4,47,16,23,27,4,36,30,8,2,49
189,28,0.08,38,32,29,10,35,1,43,1,47,5,13,11,4,30,41,14,4,43
190,22,0.0924,48,30,27,33,44,11,44,2,48,25,11,23,3,43,49,5,2,46
191,19,0.0954,48,30,19,5,44,32,44,1,49,49,14,28,4,41,24,23,4,41
192,21,0.0636,36,46,24,4,49,27,36,1,38,10,27,19,4,37,15,30,3,41
193,47,0.1523,40,37,13,35,40,14,34,4,48,7,7,24,4,48,1,3,2,40
194,22,0.0582,34,43,1,9,31,15,49,3,40,36,13,21,4,38,27,17,2,34
195,25,0.1715,38,46,9,19,49,7,41,3,40,24,5,1,4,27,38,10,3,48
196,15,0.0658,38,10,21,23,49,9,48,2,35,38,22,19,4,45,21,26,4,25
197,10,0.0644,43,2,20,28,21,21,49,3,39,33,18,26,3,49,38,16,4,22
198,1,0.0444,42,29,12,13,26,38,38,2,41,1,25,22,4,45,28,11,4,28
199,15,0.0999,33,33,41,27,37,17,42,3,48,19,17,33,4,46,26,8,4,22
200,30,0.0846,47,31,24,10,49,4,49,2,49,11,9,14,4,42,28,13,4,37
201,35,0.1125,43,31,13,5,49,13,46,3,35,30,9,26,4,29,49,5,3,35
202,22,0.0904,49,37,5,47,33,8,49,3,49,4,13,24,4,28,32,13,3,44
203,31,0.0659,38,47,12,6,33,29,42,2,45,11,20,43,4,49,20,14,3,47
204,30,0.0827,43,24,2,29,43,6,39,4,49,26,29,37,4,41,6,13,4,43
205,48,0.1152,49,30,11,36,43,11,45,4,37,36,30,16,2,44,27,11,3,41
206,12,0.1309,35,28,5,43,34,2,31,2,49,23,7,36,4,27,41,34,4,26
207,30,0.0996,37,25,3,16,39,12,49,3,41,17,12,18,4,42,14,22,4,39
208,44,0.1629,48,43,5,41,48,15,48,4,49,22,21,32,4,40,38,6,2,48
209,39,0.3169,30,20,33,31,17,6,45,1,47,24,17,26,4,39,39,1,3,39
210,43,0.2339,49,20,7,39,24,10,45,3,47,25,13,16,4,43,28,1,3,38
211,28,0.0884,15,26,15,28,47,3,49,1,44,32,5,43,4,46,10,8,4,31
212,28,0.1724,34,33,5,45,18,7,36,2,40,34,32,4,4,27,4,4,4,47
213,49,0.1178,43,35,16,39,38,9,42,2,49,4,13,28,4,47,37,9,3,37
214,20,0.0848,49,15,4,19,28,15,48,4,40,2,32,8,3,40,46,4,3,45
215,30,0.0713,22,27,16,4,49,6,34,2,41,20,29,28,3,48,22,7,4,37
216,45,0.2927,49,32,18,8,48,2,48,2,39,31,24,17,4,29,31,3,2,47
217,32,0.1136,42,30,3,13,8,14,47,1,49,17,17,6,4,42,39,7,4,38
218,15,0.059,33,12,1,38,30,2,41,3,47,19,26,49,4,23,31,16,1,49
219,21,0.1713,29,40,4,26,26,11,6,4,47,14,10,18,4,25,34,11,4,36
220,39,0.2079,27,19,5,41,34,11,25,4,45,12,21,5,3,41,29,12,3,35
221,41,0.1177,49,32,14,22,41,22,44,3,46,14,6,24,4,44,30,9,4,47
222,36,0.0849,46,40,16,35,40,19,46,2,44,8,24,25,4,38,23,12,4,49
223,36,0.0713,49,31,7,17,21,26,27,1,49,23,29,22,4,40,30,19,1,49
224,62,0.1918,49,38,9,20,34,4,36,2,49,25,23,6,4,38,37,8,4,47
225,1,0.0674,49,46,3,44,44,2,44,2,46,1,4,22,4,35,39,4,4,45
226,40,0.115,35,33,8,49,31,19,38,2,43,13,25,37,4,42,44,16,3,47
227,43,0.2201,31,41,18,45,43,13,34,3,42,19,28,3,4,45,43,3,2,49
228,51,0.2411,46,26,15,17,25,9,39,1,48,22,15,24,4,46,38,3,4,37
229,20,0.1071,43,35,17,3,48,5,49,1,25,21,3,35,4,49,27,8,4,49
230,21,0.116,29,27,15,46,33,14,49,2,29,34,11,40,4,46,3,19,4,36
231,45,0.7722,49,38,16,26,30,1,44,4,49,11,19,30,4,34,32,3,2,49
232,49,0.6464,45,34,11,22,11,4,40,2,46,4,25,17,4,49,27,3,3,36
233,18,0.1512,44,43,38,12,31,2,39,4,37,10,12,22,4,49,29,12,2,48
234,1,0.0655,44,26,41,24,13,4,43,2,45,1,30,21,3,41,27,1,2,49
235,43,0.2031,38,48,16,39,28,8,39,1,47,28,26,7,3,46,43,6,3,35
236,10,0.1013,33,49,1,31,28,2,46,4,45,8,20,8,3,49,42,27,3,44
237,14,0.1444,48,39,28,28,29,7,46,2,49,21,7,6,4,49,41,10,2,49
238,24,0.0985,36,45,23,31,33,16,42,3,44,20,8,36,4,44,39,12,2,42
239,49,0.131,40,24,11,15,46,15,45,3,37,20,22,35,4,49,34,4,4,48
240,12,0.1079,37,45,34,25,46,12,34,4,47,26,1,27,4,38,45,12,3,48
241,37,0.1409,49,34,33,12,27,20,38,3,44,19,35,26,3,49,43,3,4,43
242,19,0.0937,44,39,1,24,12,1,47,1,46,21,27,18,4,49,45,12,3,41
243,40,0.334,43,32,7,42,21,11,42,4,45,14,14,25,4,41,21,1,4,43
244,46,0.2657,49,30,11,39,29,18,49,2,45,19,18,12,4,41,30,1,2,27
245,50,0.2749,42,20,4,27,32,8,49,4,49,16,5,14,4,48,35,4,3,41
246,34,0.1348,47,26,6,15,18,4,48,1,49,15,5,9,4,29,43,22,2,49
247,48,0.3466,49,24,9,25,48,4,45,2,37,3,14,19,3,49,39,4,2,49
248,51,0.2171,35,47,6,26,26,8,41,2,46,15,30,46,4,43,48,5,4,44
249,32,0.1897,47,21,2,22,33,2,43,3,36,22,12,11,4,49,47,12,4,47
250,53,0.5845,48,23,5,30,43,3,46,2,49,20,6,3,4,33,30,4,4,35
251,34,0.1189,49,17,12,20,40,12,19,1,47,22,24,14,4,47,25,41,2,43
252,31,0.1253,38,30,14,15,26,30,42,2,48,25,32,2,4,44,29,17,4,48
253,37,0.1308,41,28,19,21,37,9,49,1,41,6,38,22,4,49,44,8,2,48
254,23,0.3941,42,48,5,25,16,11,48,2,49,27,2,7,3,34,31,13,4,49
255,33,0.1226,42,23,1,16,26,23,35,1,48,23,37,17,4,48,38,4,2,32
256,40,0.2313,46,42,17,19,16,6,49,2,42,23,25,21,4,31,36,2,4,43
257,45,0.1601,47,49,3,9,29,30,49,2,35,22,10,28,3,47,10,3,4,49
258,18,0.0872,45,30,7,25,1,16,33,2,31,22,21,16,4,21,41,5,2,43
259,32,0.0936,49,21,6,29,29,4,49,1,48,14,30,25,4,41,18,20,3,49
260,22,0.1482,46,37,28,33,18,9,32,2,37,27,14,19,2,26,43,11,1,39
261,32,0.0938,45,30,5,14,43,26,41,4,41,21,20,19,3,34,43,13,3,49
262,27,0.3412,35,37,7,49,37,5,32,4,49,21,7,7,4,40,21,21,4,37
263,35,0.1092,36,29,1,27,31,16,47,2,49,25,5,15,4,49,23,4,3,49
264,30,0.267,40,42,8,38,35,4,45,2,36,32,3,19,3,45,28,4,3,49
265,37,0.1128,48,49,9,31,40,20,42,4,39,28,14,6,3,38,39,15,4,35
266,59,0.4078,49,39,15,11,49,7,21,1,48,10,15,26,4,49,49,1,1,33
267,70,0.2999,46,41,14,37,36,10,36,3,36,15,8,32,4,47,36,2,3,30
268,33,0.0825,37,34,11,32,34,7,49,3,33,6,24,19,4,33,49,13,2,48
269,18,0.1765,41,32,3,35,46,4,27,2,40,2,18,26,4,31,32,3,2,35
270,18,0.1086,41,21,29,39,35,1,47,3,48,22,8,7,2,32,27,11,4,35
271,10,0.0777,46,41,1,36,27,7,46,3,37,4,13,24,4,30,38,17,3,35
272,56,0.3937,48,35,23,28,38,11,47,4,48,27,23,15,4,49,43,2,4,35
273,25,0.426,41,43,15,33,33,4,27,2,43,17,2,20,4,48,47,7,4,33
274,31,0.6694,49,25,7,29,35,1,47,2,41,34,1,13,3,41,47,4,3,37
275,38,0.4777,49,41,37,14,35,2,44,4,33,38,32,13,4,37,22,2,4,48
276,37,0.1497,36,14,3,31,33,14,44,1,42,11,12,11,4,49,36,3,3,33
277,27,0.1236,45,20,2,37,38,30,35,2,40,8,18,22,4,40,23,5,4,40
278,30,0.1843,48,28,3,32,34,2,43,2,41,19,24,20,4,43,43,16,3,36
279,21,0.0939,45,34,17,6,28,2,40,3,49,26,26,20,3,19,46,12,4,46
280,53,0.2649,44,26,13,17,35,5,49,2,47,7,22,30,4,48,24,5,3,45
281,34,0.1757,45,33,4,32,46,6,31,2,45,30,9,14,4,44,39,15,3,33
282,33,0.2034,47,37,3,16,41,11,47,3,44,28,27,24,4,33,45,2,3,26
283,35,0.1037,43,48,14,34,43,7,29,3,38,5,22,15,4,31,27,10,4,32
284,116,1.4084,48,49,24,31,32,2,27,2,49,17,20,28,4,48,49,1,2,39
285,32,0.0943,49,36,3,8,39,13,41,3,40,4,10,28,3,45,37,5,3,44
286,33,0.1775,42,42,17,32,28,3,49,2,39,31,19,8,4,46,34,7,3,49
287,56,0.2298,41,44,26,34,44,8,49,2,48,4,23,19,4,49,49,4,3,33
288,15,0.0866,49,31,33,33,36,13,44,2,47,5,19,17,4,16,32,7,3,49
289,42,0.1767,42,49,8,25,40,5,33,3,33,14,12,26,4,47,49,8,4,48
290,32,0.0929,44,20,21,30,38,4,43,1,40,27,22,30,4,39,37,8,4,49
291,35,0.2326,49,36,12,37,40,2,49,4,34,5,17,31,4,34,28,6,2,45
292,1,0.0337,40,41,17,1,36,3,44,3,49,13,5,25,4,48,41,3,2,46
293,48,0.2978,42,43,12,24,40,11,49,2,44,5,28,31,4,46,18,1,3,30
294,46,0.1522,46,33,12,30,36,11,18,1,42,18,17,46,4,48,41,9,3,35
295,24,0.1046,46,29,2,41,48,26,31,1,48,9,5,19,4,35,41,10,4,45
296,52,0.2173,48,36,8,32,44,9,43,3,38,20,5,28,4,28,49,6,2,21
297,25,0.1482,36,35,4,15,36,1,31,4,46,21,36,22,4,49,38,9,4,38
298,28,0.0876,39,39,18,21,48,2,30,3,40,20,27,16,4,36,23,15,2,43
299,44,0.2255,28,22,20,22,43,2,24,2,49,19,30,28,3,36,44,2,2,34
300,38,0.0888,37,26,7,18,49,1,45,4,42,25,20,16,4,47,34,16,3,38
301,23,0.1155,49,49,1,23,21,22,31,3,43,22,17,26,4,31,44,3,3,31
302,35,0.1411,45,36,19,34,31,1,48,2,42,48,20,31,3,48,34,11,4,24
303,69,0.3179,34,30,14,40,32,7,43,3,49,7,7,28,4,48,41,6,2,28
304,26,0.095,49,35,29,44,40,16,32,3,48,20,27,36,4,44,49,6,1,24
305,11,0.0742,32,34,38,40,44,17,40,2,42,26,18,21,3,49,49,19,2,49
306,11,0.0605,42,35,3,38,44,9,44,3,49,17,37,34,4,31,48,21,1,12
307,18,0.1394,28,34,2,30,43,5,27,4,40,23,10,20,3,44,42,10,1,31
308,31,0.1203,47,49,23,32,48,5,40,3,48,15,20,29,3,49,49,11,2,31
309,1,0.0381,30,49,23,38,41,10,39,3,46,1,27,29,3,41,37,7,2,33
310,25,0.3649,39,37,21,34,26,1,22,3,46,11,28,25,4,44,47,3,2,42
311,49,0.2502,43,36,28,14,49,6,36,3,49,3,7,16,4,44,49,10,4,34
312,27,0.1029,40,48,7,20,39,3,49,1,33,19,23,15,3,35,48,32,2,44
313,84,0.6955,49,48,14,35,25,3,42,2,46,21,24,29,4,45,47,3,2,8
314,42,0.2619,42,30,17,42,45,17,28,3,33,11,6,35,4,45,49,3,2,33
315,38,0.7287,49,34,9,33,49,1,49,3,47,37,41,28,3,47,49,2,4,46
316,51,0.4682,49,25,21,43,28,5,29,3,46,14,36,43,3,38,37,6,4,33
317,43,0.2701,46,47,28,43,31,3,39,3,36,9,26,45,4,37,38,12,3,19
318,61,0.6571,49,47,13,43,41,12,24,2,47,7,3,38,4,49,47,1,2,32
319,53,0.3697,49,46,11,26,45,10,13,1,42,3,17,35,4,49,47,2,3,30
320,70,0.6468,48,41,13,47,28,6,30,2,49,13,7,19,4,38,49,1,3,24
321,32,0.1228,49,40,29,35,41,11,36,2,49,13,15,18,3,49,25,6,3,38
322,24,0.2865,49,28,23,49,20,1,23,1,49,8,21,27,3,48,32,9,4,19
323,30,0.1041,35,36,6,30,34,6,42,3,49,8,12,24,3,38,49,18,4,37
324,41,0.3594,39,38,18,37,49,4,13,2,49,17,8,23,4,49,41,6,3,21
325,7,0.0911,40,45,40,44,40,5,31,3,48,17,3,19,4,46,36,16,1,8
326,38,0.1726,46,41,24,44,26,9,17,1,41,10,12,19,4,40,49,5,4,20
327,87,0.4642,32,49,10,48,38,10,33,3,49,14,15,38,4,44,40,3,2,15
328,22,0.0848,44,49,39,35,15,9,42,3,41,16,21,41,4,45,49,11,3,21
329,27,0.0892,27,44,26,18,24,12,45,1,46,16,15,41,4,44,48,7,2,20
330,40,0.1177,39,29,4,38,36,4,43,2,49,13,32,38,3,47,49,9,2,21
331,6,0.0463,49,44,11,40,29,5,21,1,37,7,15,21,4,49,48,12,2,6
332,29,0.0735,37,49,19,40,33,13,49,3,28,15,10,48,2,44,48,24,2,38
333,7,0.0462,49,49,16,27,33,8,38,4,49,15,22,22,4,41,49,10,4,7
334,59,0.3997,46,42,26,49,40,4,38,3,41,7,15,36,4,45,46,13,3,33
335,8,0.0764,39,44,20,36,42,32,29,4,49,8,35,25,4,49,49,14,2,8
336,49,0.112,40,24,18,34,36,21,25,2,49,5,15,41,4,47,44,4,2,34
337,36,0.081,36,49,27,30,31,22,43,2,44,2,32,19,4,46,49,6,2,44
338,64,0.4896,33,44,13,31,27,1,46,2,41,14,7,29,4,46,41,5,3,18
339,39,0.1177,40,49,21,30,41,8,35,1,49,4,13,45,3,38,39,6,2,17
340,29,0.4727,43,40,12,30,29,2,15,2,38,19,2,14,4,41,37,5,2,22
341,1,0.0402,46,38,23,49,35,8,26,2,36,1,21,39,4,49,35,3,2,19
342,42,0.202,48,49,21,40,46,9,19,3,41,6,7,39,4,41,43,8,3,38
343,38,0.1206,32,48,14,31,26,18,46,2,43,8,34,49,4,40,46,4,1,21
344,22,0.106,49,33,25,49,19,19,26,4,36,36,17,29,3,49,49,9,2,27
345,13,0.1329,38,49,2,43,43,32,17,3,42,8,16,45,4,49,27,16,3,27
346,61,0.3862,28,39,18,49,33,6,34,3,25,17,23,39,4,49,43,10,2,16
347,34,0.1703,44,49,17,38,43,1,48,4,23,28,18,39,3,38,49,11,4,19
348,49,0.1627,42,43,8,38,38,23,49,3,40,11,2,41,4,48,47,5,2,28
349,3,0.047,49,49,11,32,48,14,29,3,36,13,30,31,4,36,49,18,1,3
350,34,0.0821,22,32,17,37,29,4,49,1,38,5,13,45,4,41,40,7,4,21
351,54,0.2832,48,36,25,26,35,27,7,2,45,21,10,49,4,49,36,1,3,27
352,106,0.8647,47,38,16,49,31,3,45,1,29,8,13,25,4,47,31,2,1,22
353,33,0.1798,39,49,22,39,49,31,23,2,48,7,4,31,4,35,46,5,2,17
354,46,0.5299,43,41,31,47,28,3,32,3,34,18,14,25,4,49,47,4,3,29
355,38,0.2139,43,33,18,26,47,10,11,3,31,36,17,48,4,29,44,19,1,20
356,12,0.138,49,38,23,44,32,8,27,3,45,37,16,26,4,45,40,14,1,12
357,52,0.554,40,49,14,33,37,29,39,2,45,10,13,45,3,49,40,1,3,28
358,41,0.9179,42,48,11,46,47,2,35,2,35,17,27,38,4,49,49,1,3,17
359,2,0.0502,49,42,15,35,48,25,45,1,42,32,7,34,3,49,24,2,2,2
360,35,0.4242,48,36,2,28,20,4,29,2,48,8,7,35,3,46,38,2,2,27
361,70,0.362,26,46,25,35,43,4,40,2,49,5,11,44,4,49,29,4,3,15
362,1,0.0577,32,37,18,31,35,18,19,1,46,2,3,42,3,40,48,11,4,1
363,27,0.2623,45,47,18,35,34,2,47,2,49,9,1,19,3,40,41,9,1,41
364,45,0.1449,26,33,30,18,47,21,37,1,48,2,4,18,4,42,28,3,4,48
365,32,0.4573,41,37,15,35,37,2,26,3,43,27,13,42,4,46,43,15,4,29
366,35,0.1427,40,44,16,39,36,12,42,1,49,31,11,36,4,34,48,10,1,32
367,21,0.2586,43,47,21,29,28,13,17,3,32,22,5,33,4,43,40,20,2,44
368,24,0.2002,43,36,6,49,18,2,46,1,48,2,12,16,4,49,31,5,1,29
369,39,0.1083,48,41,31,41,49,8,17,1,30,2,29,41,4,49,29,9,2,29
370,9,0.0973,34,47,38,32,27,22,39,4,10,24,10,28,4,48,44,13,4,25
371,41,0.4703,48,20,12,49,21,10,34,3,29,2,18,49,4,49,31,1,1,36
372,41,0.215,39,36,5,34,40,21,27,1,49,12,11,37,3,44,46,9,3,38
373,47,0.3638,46,43,15,41,44,3,39,2,39,5,5,34,4,42,43,5,1,14
374,25,0.2099,49,48,21,49,36,6,45,4,46,10,4,13,4,44,48,7,2,24
375,11,0.1771,47,38,14,47,40,1,43,2,42,13,24,37,4,35,30,8,1,17
376,34,0.2209,48,43,17,28,31,38,45,4,30,2,21,49,4,47,45,1,3,18
377,33,0.5651,41,48,18,40,30,2,28,2,37,2,22,45,4,37,43,1,4,8
378,27,0.1514,49,38,11,49,35,35,39,2,25,5,15,39,4,49,43,2,3,14
379,40,0.1213,47,49,11,41,27,19,20,2,33,5,12,26,4,41,44,11,2,27
380,6,0.0593,33,40,11,34,46,23,10,4,36,15,16,33,3,32,21,14,1,6
381,1,0.0399,41,44,8,11,49,16,49,2,45,1,38,12,4,44,46,15,2,10
382,63,0.367,44,26,10,43,30,6,38,2,49,8,12,46,4,40,39,3,3,29
383,45,0.1291,42,34,11,39,20,11,42,1,29,9,4,29,3,47,41,3,3,42
384,1,0.0379,42,36,27,39,47,7,38,3,42,1,23,42,3,36,43,7,3,34
385,14,0.2028,31,39,3,37,27,6,23,2,43,8,17,27,3,41,48,14,2,24
386,1,0.0498,35,26,20,46,35,17,15,3,41,1,19,45,4,46,41,7,4,41
387,1,0.0403,35,32,40,32,32,6,24,3,36,1,11,27,4,35,47,11,2,23
388,46,0.3805,41,45,20,30,35,32,49,1,46,28,24,38,4,43,26,1,4,43
389,48,0.4171,47,45,35,16,42,3,25,2,44,8,22,38,3,43,49,4,3,22
390,89,0.9853,42,40,16,36,40,7,23,3,47,34,10,38,4,41,40,1,2,23
391,36,0.1521,11,47,10,39,49,14,32,2,49,27,27,23,4,38,37,6,4,17
392,49,0.3323,22,44,3,17,47,16,28,2,49,12,15,36,4,49,47,2,2,27
393,31,0.193,40,49,12,39,45,5,37,2,28,12,11,22,4,44,49,6,1,12
394,33,0.1551,35,45,25,33,18,4,47,2,28,3,14,34,3,36,47,6,2,17
395,43,0.1364,43,49,18,49,26,10,30,1,49,12,7,42,4,43,38,10,3,47
396,12,0.0685,27,41,14,20,31,9,43,2,49,18,5,41,4,23,37,16,3,13
397,4,0.0607,44,45,27,34,31,2,27,4,49,12,9,22,4,40,33,8,2,4
398,45,0.5138,45,30,35,48,44,4,33,4,49,4,31,44,4,42,49,6,2,46
399,24,0.1375,34,11,29,40,49,7,6,1,31,16,7,26,3,49,47,5,4,35
400,61,0.3658,32,29,11,36,30,7,28,2,24,10,14,10,4,49,48,3,1,31
401,35,0.112,34,44,8,9,48,15,36,2,47,5,15,20,4,45,48,11,3,37
402,51,0.6209,48,37,9,33,46,7,21,4,48,6,11,17,3,48,33,5,2,23
403,4,0.0545,36,42,14,28,34,6,19,1,47,5,6,25,2,49,49,10,2,4
404,2,0.0483,37,44,11,40,44,8,18,1,24,19,16,28,4,42,36,2,2,2
405,15,0.1053,34,48,31,20,46,7,19,1,47,17,4,16,3,40,43,10,4,18
406,91,0.7333,46,49,18,18,44,4,28,4,38,3,7,31,3,44,36,2,2,29
407,34,0.1371,9,44,16,12,48,1,35,1,46,13,17,49,4,38,34,4,3,18
408,40,0.313,39,49,3,39,49,6,42,2,49,7,25,43,3,49,43,3,4,23
409,10,0.1218,22,47,3,43,38,13,20,4,49,8,2,41,4,49,48,9,3,30
410,47,0.3361,49,26,29,39,48,4,31,3,46,5,20,28,4,41,40,1,3,22
411,38,0.1106,32,32,19,44,30,5,42,4,49,22,36,41,4,49,39,12,1,36
412,55,0.1337,44,34,20,26,38,9,36,3,47,8,8,43,4,48,47,8,4,22
413,31,0.1125,29,39,26,46,40,8,23,2,46,11,10,33,4,47,49,14,2,38
414,24,0.0871,48,30,27,41,47,2,40,1,43,16,24,14,4,40,49,18,3,41
415,24,0.128,38,35,1,21,49,5,28,3,44,18,20,46,3,45,28,6,4,48
416,29,0.082,49,42,9,31,37,17,22,2,39,4,17,34,3,44,42,22,2,25
417,25,0.2192,23,47,17,40,46,28,10,2,43,21,3,47,3,48,36,20,2,49
418,36,0.2777,25,36,6,45,48,19,5,2,49,18,17,38,4,35,45,1,2,34
419,1,0.0372,40,46,13,27,44,2,32,1,40,7,5,19,4,38,45,8,1,1
420,34,0.4983,47,49,7,41,41,2,25,1,48,25,16,35,4,35,40,2,1,26
421,65,0.63,41,30,7,37,44,9,11,4,45,25,27,31,3,49,46,2,3,25
422,58,0.2329,49,37,14,24,48,7,30,4,49,9,5,24,3,28,24,7,3,25
423,7,0.0597,26,42,25,27,49,15,18,2,38,8,2,43,4,34,17,12,1,7
424,27,0.0852,45,43,29,22,45,15,36,4,47,6,10,36,4,31,14,15,2,29
425,32,0.0912,48,49,15,23,33,24,30,4,43,10,9,37,4,48,35,18,4,46
426,5,0.0533,37,30,22,13,38,3,26,3,46,18,1,19,4,43,49,13,2,5
427,41,0.1275,49,32,22,8,49,16,19,4,46,13,13,19,4,49,46,4,2,40
428,10,0.1307,48,41,5,38,33,5,20,3,48,2,14,49,1,49,49,15,2,29
429,34,0.1344,48,42,18,24,45,14,33,2,49,14,15,38,4,29,31,7,2,35
430,1,0.0619,33,27,9,30,37,1,37,3,40,12,10,49,4,40,44,4,3,1
431,9,0.2287,48,49,14,31,48,1,25,3,49,12,22,36,4,39,41,6,2,15
432,56,0.2443,49,24,20,34,49,16,12,3,44,4,2,43,4,49,47,3,2,32
433,28,0.2195,46,43,16,16,31,1,44,2,49,31,5,36,4,43,39,8,3,12
434,39,0.1405,35,47,11,43,49,15,29,3,47,5,12,27,2,48,45,15,3,24
435,44,0.1372,48,44,12,43,34,12,49,4,47,7,5,38,2,37,16,8,4,21
436,27,0.1526,36,29,26,17,41,15,41,4,30,10,1,32,3,42,49,5,4,25
437,1,0.054,45,48,25,43,32,1,18,4,48,1,5,15,4,42,32,10,3,13
438,29,0.272,32,49,18,45,46,10,34,4,49,14,5,43,3,48,26,10,4,14
439,31,0.1313,48,46,24,22,48,2,39,2,39,8,11,47,4,43,37,13,3,27
440,32,0.1207,49,49,25,30,31,10,49,3,47,9,24,46,4,45,34,17,2,32
441,29,0.1311,30,49,23,23,46,9,25,4,36,21,8,49,3,40,29,5,4,16
442,71,0.2521,43,24,11,21,47,16,19,4,49,7,12,38,3,49,42,4,2,26
443,1,0.0344,49,33,25,31,46,1,45,3,48,1,26,41,3,35,42,2,2,21
444,31,0.0868,49,46,22,31,42,9,44,1,49,13,32,35,4,45,39,17,4,32
445,37,0.1464,45,22,11,32,33,4,20,1,47,10,28,43,4,37,49,9,1,27
446,33,0.1108,25,33,18,17,39,22,29,4,46,3,19,31,3,46,48,16,4,29
447,6,0.0764,49,24,13,32,45,25,3,4,49,4,12,33,2,26,24,9,2,6
448,33,0.1042,49,34,12,26,32,7,40,1,21,27,14,15,3,25,49,4,3,33
449,14,0.2087,47,18,15,29,30,1,20,3,44,11,18,13,3,42,18,13,4,18
450,8,0.1531,36,49,10,26,49,1,21,2,39,6,1,28,3,49,49,7,4,24
451,35,0.1304,43,41,8,26,46,4,35,4,45,8,12,27,4,45,36,13,4,22
452,34,0.1795,37,22,13,49,24,25,10,3,31,10,4,36,4,35,41,1,1,34
453,13,0.1178,32,42,2,46,41,13,28,4,41,10,11,24,3,49,1,7,2,34
454,23,0.1883,48,31,8,48,48,18,2,4,34,2,26,35,4,38,47,17,4,35
455,33,0.0954,39,28,22,28,40,19,31,3,40,3,4,37,3,37,30,10,4,35
456,29,0.0683,40,23,33,25,45,27,13,3,39,5,8,42,3,37,41,17,2,26
457,54,0.3206,45,49,19,5,49,2,28,3,34,26,25,23,4,49,36,5,4,32
458,19,0.1827,41,45,14,25,49,18,1,4,45,34,9,17,4,49,48,20,1,20
459,10,0.1139,40,40,1,41,38,15,32,4,42,2,9,35,3,39,36,4,2,5
460,46,0.1326,45,33,13,4,49,5,36,3,48,4,11,27,4,41,45,5,2,37
461,41,0.5855,40,27,11,23,45,1,13,3,49,9,16,48,4,37,42,1,3,29
462,30,0.0868,43,29,20,5,48,1,30,2,47,12,21,36,4,34,35,9,1,15
463,83,0.5918,45,33,28,12,49,2,13,2,41,26,10,45,3,38,40,1,2,38
464,43,0.4991,38,36,1,22,48,8,20,4,45,23,12,24,3,49,49,1,3,29
465,6,0.0998,32,32,1,26,49,1,4,3,38,14,17,26,2,21,49,10,3,21
466,29,0.0815,33,48,16,3,49,7,27,3,49,25,19,41,4,49,32,7,1,49
467,1,0.0367,49,19,16,25,47,4,2,3,39,1,10,36,3,44,48,7,3,15
468,1,0.041,49,39,15,22,45,8,35,4,43,1,25,33,3,48,25,8,3,33
469,42,0.2575,36,25,17,25,43,13,47,4,44,34,46,47,3,42,47,1,3,41
470,17,0.0824,49,37,42,7,39,10,32,3,42,12,48,40,4,41,49,21,4,38
471,2,0.0411,35,24,3,10,40,8,27,2,44,8,2,37,4,40,45,2,2,2
472,33,0.107,35,49,9,10,43,17,15,3,42,10,8,28,4,49,31,11,3,18
473,93,0.7282,46,36,9,19,49,5,23,4,46,9,15,18,4,48,42,5,3,24
474,28,0.2618,47,22,5,27,45,5,18,3,49,9,25,40,3,49,30,8,3,22
475,45,0.2223,49,31,5,13,49,30,28,4,49,7,12,23,3,46,14,1,2,38
476,25,0.2688,42,40,11,26,49,7,18,4,41,6,21,38,2,27,44,6,2,14
477,49,0.1897,49,39,11,8,33,1,34,2,49,43,20,36,4,49,43,9,3,20
478,33,0.081,40,29,3,13,30,19,8,4,49,25,14,14,4,45,42,8,1,27
479,13,0.0779,42,30,3,47,21,12,32,3,44,17,12,42,3,25,43,14,3,14
480,52,0.1536,48,20,14,17,44,24,5,4,48,13,20,45,3,49,49,2,1,11
481,23,0.0727,42,30,21,9,44,6,8,2,35,21,18,37,4,40,42,25,1,39
482,151,1.7527,46,42,13,12,46,1,21,4,30,25,11,26,4,38,35,2,3,29
483,48,0.3814,49,32,10,13,33,2,12,4,48,35,19,44,3,38,49,8,4,19
484,44,0.2398,39,19,29,7,45,18,24,4,46,14,23,30,2,44,24,2,4,32
485,112,1.1564,49,24,16,42,46,4,14,3,40,21,18,30,3,49,47,7,2,27
486,60,0.3279,49,19,16,27,49,7,11,4,45,19,37,17,3,43,49,5,2,29
487,43,0.2414,45,38,20,15,36,3,19,2,33,11,2,38,3,34,49,3,3,25
488,48,0.1833,49,49,8,12,49,6,20,2,49,15,22,30,4,40,34,6,2,24
489,45,0.1583,38,36,17,27,41,9,18,4,35,24,5,28,1,40,49,9,3,19
490,13,0.1434,46,42,4,27,49,7,7,4,49,29,10,29,2,41,47,8,1,47
491,73,0.3452,49,49,24,14,49,9,25,4,41,3,13,34,4,47,26,4,4,30
492,68,0.4656,49,41,24,36,49,9,23,4,33,19,13,40,1,49,48,1,4,10
493,42,0.1755,34,27,20,24,45,12,26,3,43,6,5,9,4,41,38,6,1,34
494,1,0.0422,41,43,11,1,41,1,26,4,49,5,13,46,4,28,33,2,3,42
495,64,0.7057,40,38,17,7,45,1,18,2,43,18,27,29,4,44,42,3,2,36
496,29,0.5856,41,45,15,28,49,2,16,4,44,33,1,25,4,49,48,2,2,46
497,29,0.117,48,17,18,13,32,10,21,3,48,8,34,16,3,34,49,10,4,27
498,35,0.255,47,24,23,21,37,5,25,4,49,42,14,49,4,48,40,5,2,19
499,67,0.8845,44,48,22,7,43,1,27,4,40,25,26,25,4,40,40,2,3,31
500,12,0.0767,48,29,22,32,43,14,15,2,49,18,21,25,4,43,49,12,3,12
501,70,0.4328,40,31,28,30,46,2,35,2,49,20,25,43,4,49,36,2,3,36
502,49,0.215,44,26,19,35,46,8,11,3,38,10,23,19,3,37,46,3,2,25
503,30,0.2373,45,49,1,16,42,11,17,4,39,26,8,9,3,33,36,1,4,24
504,16,0.2082,49,41,16,14,47,8,28,2,24,29,4,20,3,44,21,12,2,20
505,34,0.5945,42,28,11,28,41,2,8,4,41,22,9,23,4,44,45,7,4,18
506,43,0.4294,49,27,6,35,45,3,45,3,47,16,26,25,4,47,43,7,3,39
507,31,0.1271,41,49,7,14,46,1,27,4,29,9,10,35,3,46,6,6,4,26
508,16,0.2583,49,46,15,10,49,4,21,4,37,39,3,22,4,43,39,12,1,23
509,47,0.237,44,20,25,18,45,11,1,4,40,11,16,30,3,46,49,4,1,10
510,59,0.2921,41,20,12,35,45,12,25,4,46,24,11,40,3,43,42,3,3,22
511,35,0.2712,34,37,31,10,32,5,26,4,29,29,5,26,2,49,34,2,3,46
512,39,0.1557,38,47,13,12,47,12,16,3,49,27,28,44,4,37,26,8,4,33
513,73,0.5991,41,41,23,35,44,3,12,4,30,15,21,24,4,48,45,12,3,23
514,69,0.401,48,39,22,10,47,3,34,4,42,20,38,41,4,45,35,3,4,20
515,90,0.701,49,38,20,27,43,4,7,3,49,29,27,39,4,49,26,9,4,12
516,52,0.225,49,25,18,32,47,14,13,3,49,14,16,23,4,48,49,6,4,41
517,59,0.2561,42,36,26,16,47,10,18,4,47,27,8,27,4,49,42,2,4,17
518,60,1.1194,49,24,30,40,49,1,9,4,49,8,5,21,3,48,47,10,2,24
519,27,0.1376,49,39,14,18,46,17,26,2,34,31,41,23,4,47,21,12,4,25
520,1,0.0643,48,43,13,28,49,20,38,3,39,1,8,22,3,47,48,6,2,15
521,46,0.3967,34,33,24,32,36,16,15,2,49,18,14,38,4,46,41,3,4,27
522,45,0.1623,47,37,16,20,49,12,21,4,40,28,19,41,3,42,26,6,4,19
523,35,0.2842,46,43,8,49,47,6,1,2,49,28,30,46,4,32,19,1,3,34
524,34,0.1422,49,35,31,43,49,5,1,2,31,16,26,26,3,41,24,4,4,36
525,62,0.3269,46,37,9,30,45,14,5,4,40,11,29,35,3,42,38,7,3,22
526,34,0.0955,49,33,18,19,47,15,16,2,31,12,16,36,4,45,32,7,4,38
527,6,0.1758,48,44,5,28,49,1,22,4,42,13,31,37,4,44,34,5,4,14
528,63,0.5191,42,32,27,40,49,4,1,4,25,28,23,44,4,49,36,9,3,19
529,19,0.1331,41,40,26,25,49,17,7,3,27,25,21,24,4,49,29,9,4,20
530,47,0.0974,43,14,10,43,40,21,14,3,43,34,21,46,4,49,49,9,2,20
531,56,0.761,35,32,15,19,40,3,11,4,30,22,40,8,3,49,42,3,4,16
532,10,0.0713,28,32,37,30,37,3,26,3,40,23,26,43,4,45,37,16,3,11
533,20,0.1014,49,41,31,14,40,4,14,4,38,28,25,26,3,46,43,9,4,24
534,36,0.1541,46,45,22,24,43,6,26,4,47,21,29,12,4,44,40,6,4,21
535,31,0.0938,48,23,34,33,47,5,31,4,48,11,43,24,3,49,45,12,4,13
536,22,0.0962,42,35,34,32,35,9,19,4,38,27,19,43,3,44,45,7,3,19
537,47,0.1577,37,28,10,24,42,6,25,4,35,23,16,34,4,49,38,9,2,35
538,43,0.4988,48,19,26,21,49,3,12,4,37,10,36,23,3,40,41,4,2,20
539,43,0.1919,47,48,14,39,49,11,34,4,48,26,28,16,4,45,32,9,4,22
540,79,0.9105,38,33,28,44,37,4,31,4,44,3,16,26,4,47,43,1,3,19
541,32,0.1752,47,34,9,20,44,5,18,4,27,17,23,18,4,49,46,17,4,25
542,28,0.1743,33,25,32,15,31,5,34,4,24,29,39,37,4,26,33,2,4,18
543,38,0.2482,48,12,13,32,47,12,27,3,31,34,14,29,4,42,27,1,3,15
544,34,0.0646,34,15,17,27,42,5,39,3,33,13,31,17,3,49,47,19,4,22
545,175,2.4081,38,49,16,21,47,3,9,4,31,13,15,27,4,49,30,1,3,4
546,37,0.0981,46,14,14,44,42,15,20,4,32,11,41,21,4,40,47,5,4,19
547,40,0.3255,49,35,7,32,37,6,17,2,32,15,40,34,4,46,35,6,2,25
548,58,0.4417,46,36,12,41,30,8,21,4,21,25,12,24,4,49,36,1,3,39
549,34,0.5597,32,42,28,39,39,1,5,4,31,39,17,45,4,33,32,2,2,4
550,56,0.2391,36,37,19,36,37,9,23,4,42,31,40,49,2,49,24,16,4,17
551,39,0.284,49,20,24,26,49,5,3,3,26,26,8,37,3,44,27,14,2,32
552,20,0.1319,44,11,30,36,44,6,12,3,26,32,34,48,4,46,44,9,3,16
553,23,0.2542,45,28,15,27,43,4,12,4,39,6,31,31,4,29,29,8,3,33
554,6,0.0492,46,25,22,49,37,9,8,4,26,14,22,36,2,44,46,7,3,6
555,25,0.2943,29,33,23,32,44,2,7,4,33,21,45,37,4,48,49,14,1,26
556,47,0.2455,38,25,26,31,49,21,30,4,32,25,16,42,3,49,49,1,2,30
557,42,0.2468,44,38,18,41,40,10,21,3,26,16,24,36,3,39,49,3,4,10
558,27,0.379,41,48,28,32,49,1,11,4,40,22,27,33,4,38,48,9,2,29
559,25,0.0979,45,29,24,21,49,6,18,3,43,24,16,49,4,45,33,15,4,27
560,54,0.2314,40,23,6,43,45,15,4,4,49,17,21,32,4,47,42,15,2,46
561,58,0.1538,49,39,12,38,41,17,8,4,28,18,37,26,4,43,34,9,3,32
562,53,0.3933,43,36,4,29,42,13,14,4,33,17,7,46,4,49,41,1,4,12
563,18,0.1049,43,49,2,42,38,23,34,4,36,23,11,22,3,49,32,9,4,30
564,30,0.0883,41,47,16,16,45,11,34,2,37,23,33,29,4,47,38,8,2,28
565,67,0.4096,47,39,9,45,44,28,19,2,49,17,7,34,2,49,49,3,3,24
566,31,0.2012,30,35,26,47,31,13,14,4,32,20,16,49,4,47,47,3,2,33
567,4,0.0617,49,37,21,29,33,6,4,4,23,25,16,46,4,45,26,14,4,4
568,50,0.329,48,29,9,39,41,16,9,4,33,22,21,28,3,38,36,2,3,13
569,26,0.1887,41,29,24,29,41,8,25,4,44,35,10,38,2,49,39,13,2,33
570,11,0.1215,47,28,5,41,41,6,26,3,40,12,29,38,3,46,39,20,3,12
571,63,0.9608,46,45,6,13,40,2,38,4,26,35,19,23,4,48,34,1,4,4
572,10,0.15,43,45,1,32,46,3,9,4,48,14,20,22,3,48,23,3,4,19
573,44,0.3179,36,39,10,16,49,5,40,4,49,18,15,25,3,36,27,1,3,36
574,18,0.1414,34,49,33,37,28,7,11,4,36,12,1,30,3,47,40,3,4,17
575,72,0.8987,40,38,12,24,46,4,10,4,46,14,29,37,4,49,31,1,2,30
576,29,0.0979,41,8,19,40,33,12,16,3,33,36,34,41,3,45,33,3,2,13
577,33,0.1408,40,36,9,29,43,22,12,4,30,17,13,47,2,34,30,17,2,20
578,21,0.0727,49,22,25,31,49,20,11,4,22,21,48,30,3,49,34,8,4,49
579,31,0.2979,35,43,14,40,48,7,18,4,24,22,5,45,4,43,33,9,2,17
580,54,0.2634,40,31,10,29,44,18,20,4,39,34,18,20,4,49,40,5,3,27
581,45,0.3544,38,39,9,22,47,6,29,4,28,6,23,45,3,39,33,1,2,13
582,73,1.0809,36,48,22,30,45,2,21,4,48,27,34,19,3,48,38,2,3,22
583,47,0.1216,48,30,12,22,44,11,16,4,37,32,33,37,4,43,41,8,2,33
584,85,0.3504,48,49,13,31,49,13,18,4,49,13,17,16,4,49,32,2,3,32
585,58,0.2528,49,29,8,36,42,20,13,3,33,32,29,37,4,48,43,2,4,12
586,86,0.472,48,49,10,16,48,7,24,4,47,13,13,34,4,43,42,5,3,25
587,3,0.1541,38,20,14,20,46,4,6,4,35,25,8,33,2,49,36,16,3,3
588,12,0.2987,49,37,5,31,48,2,16,4,43,14,20,23,4,49,34,3,3,11
589,130,1.2768,45,37,7,33,49,6,10,2,49,29,14,32,4,42,44,3,3,37
590,24,0.126,49,46,2,16,45,16,20,4,37,22,18,46,4,36,32,7,4,30
591,62,0.2203,48,32,7,23,43,9,15,4,38,20,27,26,3,48,45,5,2,29
592,32,0.22,49,42,4,27,43,8,26,4,28,19,21,34,3,49,42,7,3,16
593,43,0.2491,42,41,16,49,49,16,17,4,49,35,14,38,4,44,46,7,4,19
594,44,0.483,46,46,4,40,29,18,3,4,31,2,1,31,3,46,35,3,4,31
595,18,0.1572,49,49,1,24,49,7,21,2,43,27,14,31,3,49,34,5,3,43
596,29,0.1402,37,29,21,21,48,12,14,4,49,25,12,20,3,49,40,6,2,19
597,47,0.1683,31,36,9,20,49,17,17,4,40,14,18,45,4,49,37,7,4,15
598,30,0.1878,28,33,3,25,49,4,28,4,39,20,12,28,3,42,49,6,2,32
599,60,0.7356,25,30,10,26,42,8,13,4,42,8,25,13,3,46,24,4,4,21
600,17,0.11,49,45,3,36,49,20,17,4,42,28,13,27,4,49,37,9,1,17
601,39,0.1812,45,35,15,21,48,9,16,4,49,18,10,16,3,45,34,9,4,41
602,65,0.3337,49,32,17,24,36,6,28,4,37,24,29,36,4,49,36,2,3,28
603,42,0.5433,49,46,20,22,48,2,11,4,46,14,36,27,4,48,46,3,4,16
604,75,0.5154,46,49,16,48,41,9,18,4,35,41,22,29,2,49,32,3,4,24
605,30,0.4954,49,37,6,41,45,1,15,4,45,29,24,27,4,40,40,1,3,27
606,31,0.4486,48,41,9,32,39,1,12,4,41,30,26,43,4,49,49,1,4,40
607,38,0.1875,49,36,5,20,47,14,18,4,43,32,19,44,2,38,44,8,2,32
608,34,0.1419,48,41,23,14,39,20,18,3,48,29,15,24,3,42,40,4,4,18
609,46,0.0778,49,28,11,31,48,14,25,2,43,13,28,18,4,43,47,12,3,21
610,70,0.5155,47,36,5,25,45,8,34,4,42,37,22,22,4,43,49,3,4,30
611,74,0.4936,49,47,11,39,42,12,14,4,43,19,14,23,3,49,25,6,4,32
612,48,0.2778,49,36,15,24,40,19,22,3,45,18,30,12,4,44,49,1,3,44
613,48,0.215,41,13,17,36,49,17,1,3,49,17,20,34,4,49,45,1,3,31
614,82,0.8875,38,41,11,37,45,6,11,3,47,29,26,12,4,49,43,13,3,27
615,9,0.2435,47,41,14,28,44,2,10,4,37,11,29,27,3,42,45,9,3,21
616,27,0.4316,49,34,5,38,42,5,12,4,42,37,26,20,4,46,31,4,4,30
617,9,0.1628,47,49,15,28,40,1,20,2,49,31,27,38,4,48,36,7,3,34
618,60,0.4871,49,34,8,40,49,10,17,3,44,10,12,26,4,44,35,8,1,38
619,84,1.296,41,33,14,16,49,3,11,3,48,27,24,49,4,49,44,2,3,22
620,51,0.3732,49,49,17,18,42,3,14,2,46,6,25,24,4,49,44,9,3,25
621,86,0.966,44,32,7,24,49,9,22,4,49,34,18,33,4,49,49,2,4,22
622,36,0.2034,45,49,12,20,46,12,19,3,47,34,33,19,3,48,35,12,4,36
623,145,1.8934,41,45,18,34,47,1,24,3,43,47,13,39,4,46,39,2,3,22
624,45,0.2095,48,33,15,36,46,16,22,4,49,22,25,24,3,47,40,9,3,21
625,46,0.1679,48,33,7,30,47,14,13,3,46,16,18,33,4,43,49,18,2,29
626,72,0.4898,46,49,16,27,49,3,24,3,48,19,28,27,4,46,48,5,4,28
627,64,0.22,40,33,11,21,46,13,22,4,46,16,20,31,3,43,34,4,3,26
628,30,0.3527,49,46,7,20,44,10,9,2,49,33,5,24,4,46,46,6,1,27
629,52,0.4398,49,27,6,47,40,8,18,4,36,28,21,29,2,48,31,1,4,32
630,61,0.7504,40,34,16,41,49,3,15,4,49,16,17,28,4,49,35,9,3,23
631,52,0.488,49,45,5,34,43,10,21,4,37,4,10,27,4,47,38,1,4,28
632,73,0.4098,48,35,19,35,49,8,20,3,49,25,21,25,4,49,47,2,3,27
633,15,0.3247,49,32,6,37,42,2,24,3,38,27,20,30,4,47,49,4,3,38
634,16,0.2673,49,48,5,29,49,3,21,2,42,29,24,28,4,48,49,8,3,27
635,30,0.1191,43,39,22,32,19,14,12,3,46,35,28,27,3,49,41,11,4,20
636,92,0.8771,46,39,20,39,42,4,30,4,42,24,23,39,4,48,35,5,3,28
637,28,0.5613,35,41,21,35,38,2,4,3,44,24,30,38,3,44,40,8,4,41
638,50,0.294,39,41,7,22,41,17,8,4,42,27,10,22,3,48,34,5,2,21
639,23,0.5086,49,34,3,36,45,4,15,3,41,25,20,32,4,47,45,4,4,36
640,48,0.9975,49,35,12,31,40,3,5,4,49,37,34,29,4,42,40,2,2,32
641,41,0.5903,38,49,10,40,47,2,14,3,48,36,20,24,4,49,49,3,4,26
642,52,0.2641,48,48,11,26,49,2,28,4,48,32,21,34,4,49,23,7,4,31
643,84,1.2168,41,48,18,36,49,3,22,4,44,42,26,49,4,49,46,3,3,23
644,15,0.3209,43,39,13,34,49,1,31,4,49,27,23,38,4,49,47,5,3,28
645,37,0.4107,49,24,7,29,49,4,23,4,48,27,16,32,3,41,49,5,2,15
646,58,0.2592,49,44,22,22,47,11,17,4,45,38,16,26,4,41,43,2,3,21
647,16,0.2993,46,47,15,49,44,1,30,4,48,45,27,36,4,44,49,6,4,27
648,29,0.1716,49,36,16,28,43,10,24,4,38,37,16,31,4,48,40,12,4,13
649,60,0.3443,45,39,18,46,49,8,26,4,49,32,25,47,4,47,49,4,4,19
650,56,0.7384,43,30,11,28,45,4,20,4,49,28,21,40,2,47,38,3,2,23
651,68,0.4443,49,46,20,34,49,5,45,4,46,15,28,48,2,49,49,2,1,22
652,98,1.0442,49,36,11,49,43,7,22,4,46,36,17,29,4,46,45,4,2,22
653,40,0.2416,44,46,10,26,49,12,38,3,43,33,16,26,4,49,42,10,4,39
654,83,0.6643,47,46,5,27,47,10,32,4,47,26,16,27,4,47,44,2,3,7
655,76,0.6423,33,49,20,30,48,15,27,4,49,32,18,32,4,49,33,1,3,25
656,59,0.5179,49,39,17,41,48,5,26,2,49,40,18,35,4,37,47,5,3,16
657,34,0.2069,45,48,18,30,48,19,25,4,43,36,24,36,4,41,41,6,3,18
658,7,0.0833,46,38,17,30,41,14,22,4,48,37,22,41,4,45,41,9,3,7
659,84,0.9904,49,36,20,42,49,3,23,2,49,31,25,44,3,49,48,3,4,18
660,33,0.2811,43,48,21,35,46,9,22,4,42,47,19,44,4,47,39,6,3,22
661,11,0.0783,45,33,13,48,49,8,31,4,47,33,23,29,4,49,49,15,3,11
662,47,0.2994,37,40,26,34,35,6,22,4,47,26,16,45,3,49,49,4,2,35
663,51,0.1886,47,47,12,26,43,16,28,4,45,40,20,38,4,44,49,6,3,28
664,38,0.6354,45,35,10,36,48,2,15,4,48,35,17,44,4,45,46,2,3,12
665,34,0.4205,48,30,7,39,43,5,19,4,49,35,22,44,4,40,41,3,3,7
666,11,0.16,38,36,8,45,49,2,17,3,46,36,25,43,4,44,33,5,2,13
667,31,0.2951,49,42,12,46,38,5,26,4,36,21,30,41,4,49,39,11,1,29
668,43,0.2088,49,48,19,27,44,26,37,3,49,32,17,43,4,49,38,4,3,27
669,48,0.1774,42,40,19,48,38,10,29,3,32,42,26,41,2,49,48,6,3,25
670,67,0.7109,49,44,20,46,34,1,24,4,47,29,10,49,3,47,36,4,3,23
671,84,0.4511,39,49,12,49,46,13,23,4,38,36,19,27,3,49,49,2,3,11
672,76,0.3574,48,45,15,39,41,10,35,4,46,35,21,33,3,45,37,2,4,18
673,68,0.5264,46,44,26,41,48,3,27,3,43,34,22,31,3,49,49,5,3,29
674,69,0.4957,49,49,17,36,43,6,37,4,49,29,12,35,3,44,44,3,3,25
675,13,0.1754,48,39,3,41,42,4,26,4,49,26,9,49,4,49,49,6,4,11
676,70,0.3796,49,28,18,41,49,7,13,3,49,17,18,35,4,46,38,3,2,26
677,35,0.1795,31,49,20,48,42,10,27,4,49,31,17,34,4,49,44,8,2,26
678,95,0.897,42,44,28,31,44,2,31,4,49,34,20,30,4,49,33,1,3,35
679,89,1.3873,49,42,12,38,47,6,27,4,49,30,20,46,3,48,46,1,3,15
680,64,0.4798,44,44,20,21,49,10,12,4,46,26,24,36,3,41,40,2,3,32
681,43,0.2413,49,47,12,37,42,14,26,4,41,25,25,45,3,39,41,9,2,13
682,43,0.6473,48,47,18,35,49,2,26,4,49,20,18,29,4,41,28,7,3,25
683,75,0.6109,48,43,22,45,32,12,33,4,41,42,27,33,3,47,45,1,3,22
684,68,0.4598,49,45,23,32,41,8,25,4,47,26,13,36,3,41,29,1,3,32
685,65,0.9727,49,49,13,30,49,2,18,3,49,24,17,29,4,49,49,1,3,23
686,55,0.1835,46,46,18,44,47,20,22,4,49,32,22,39,3,46,29,3,3,17
687,74,0.419,48,49,28,29,49,5,30,4,41,34,21,37,3,48,36,1,4,26
688,10,0.1343,43,36,4,42,49,3,14,4,43,17,22,32,3,49,49,4,1,16
689,49,0.3556,46,42,20,41,43,7,34,4,49,40,32,37,2,49,42,8,4,23
690,19,0.3325,47,49,13,46,43,2,26,4,45,19,24,30,3,49,48,3,4,22
691,105,1.0043,47,44,19,40,49,4,30,4,46,40,17,37,3,45,27,3,3,45
692,74,0.4706,41,40,15,49,48,13,24,4,49,30,19,36,3,49,48,3,3,14
693,111,1.1566,40,49,14,28,49,5,16,3,36,31,20,39,4,47,38,2,2,34
694,15,0.1699,49,49,26,34,40,7,31,4,49,38,4,32,3,49,44,5,2,26
695,75,0.2703,48,45,16,32,49,17,24,4,49,35,20,38,3,44,38,2,4,17
696,20,0.1483,47,48,32,23,38,5,33,4,49,34,18,41,4,49,39,7,3,18
697,65,0.6885,41,46,23,35,49,3,26,4,49,40,23,28,4,46,32,9,3,27
698,37,0.3286,46,34,11,35,49,15,24,4,42,29,8,21,3,44,45,7,3,26
699,141,2.2363,44,34,12,40,45,3,12,3,46,44,21,39,4,48,48,3,4,24
700,53,0.2551,41,45,17,25,40,1,33,2,48,30,21,37,3,47,35,8,4,27
701,83,0.7055,42,49,13,36,49,7,17,4,41,39,15,36,3,44,29,4,3,38
702,83,0.4821,42,43,12,21,43,7,31,4,49,27,10,48,3,41,43,3,4,12
703,44,0.1831,46,36,19,34,43,7,32,3,41,48,28,29,3,49,37,4,4,23
704,51,0.3346,46,49,21,34,49,7,16,4,47,36,22,38,3,48,26,10,3,31
705,46,0.5442,49,47,19,45,49,4,18,4,45,33,9,35,4,49,40,4,2,31
706,64,0.3284,47,31,23,41,46,13,15,4,31,43,26,45,3,49,39,1,4,20
707,71,0.8619,49,34,16,35,49,4,15,4,45,40,27,28,2,49,49,3,3,41
708,135,1.1502,49,45,15,30,49,5,22,3,47,19,10,36,3,49,43,1,3,29
709,68,0.2311,48,29,8,35,42,18,20,4,43,44,22,43,4,49,46,6,3,19
710,73,0.6644,49,42,14,45,45,12,16,3,49,40,26,42,4,49,49,1,2,22
711,71,0.4081,49,49,16,33,46,10,11,4,39,45,24,27,2,49,33,3,2,37
712,28,0.5338,49,33,10,36,49,1,25,4,43,49,3,44,3,40,49,4,3,28
713,28,0.487,48,31,10,28,44,3,14,4,42,35,21,36,4,49,37,6,3,39
714,103,1.6471,49,43,11,47,47,4,23,3,48,49,22,39,4,49,44,1,2,37
715,138,1.3958,49,38,17,49,46,3,11,2,42,38,12,42,4,49,37,2,3,21
716,69,0.212,44,27,5,42,37,18,16,2,43,49,31,30,4,49,47,3,3,23
717,20,0.3981,34,39,13,37,38,1,18,4,46,44,25,35,3,48,34,3,3,20
718,45,0.1883,49,41,22,41,47,15,17,4,40,36,24,49,3,45,42,3,3,26
719,82,0.9046,43,39,10,31,49,5,24,4,39,49,31,32,4,49,35,1,2,41
720,59,0.3703,48,42,23,37,49,4,19,4,47,44,32,30,4,44,40,3,3,26
721,58,0.7344,45,32,13,49,49,1,20,4,49,42,13,45,3,49,49,3,3,23
722,28,0.4701,49,42,14,27,47,1,17,3,40,39,18,35,4,39,37,6,1,38
723,170,1.5866,45,49,26,34,49,3,12,4,49,25,15,33,4,48,43,1,3,35
724,54,0.6644,49,47,14,42,49,4,25,3,48,36,14,49,3,49,49,7,3,33
725,51,0.7202,49,49,20,47,31,2,31,3,47,23,11,48,4,48,46,7,3,32
726,43,0.6614,48,45,19,45,44,3,16,2,49,33,8,49,4,46,48,7,2,21
727,59,0.411,49,39,17,46,36,9,35,4,48,42,20,41,4,49,44,3,3,38
728,49,0.8788,46,49,13,43,34,3,33,3,49,46,14,45,3,49,40,4,2,33
729,71,0.5194,49,45,13,33,34,13,33,3,49,49,17,26,4,42,41,1,4,31
730,97,0.7027,46,49,14,39,48,8,24,4,48,38,20,34,3,45,44,4,3,31
731,18,0.2936,45,46,14,43,41,1,27,4,41,30,15,41,3,40,48,2,2,39
732,20,0.1175,49,49,2,30,49,12,19,3,49,44,18,40,4,49,47,6,4,36
733,129,1.6428,49,36,9,44,42,3,8,4,48,42,15,43,4,49,48,1,3,27
734,30,0.2226,44,42,14,28,47,11,26,3,44,41,10,31,4,44,44,7,3,26
735,24,0.2961,46,49,3,39,40,5,20,2,45,44,21,44,4,49,42,3,2,31
736,102,0.897,49,45,16,41,49,6,15,4,43,41,22,40,2,49,38,2,3,41
737,59,0.5425,42,44,16,29,49,3,20,3,49,47,20,21,4,45,27,11,4,48
738,110,1.2887,43,34,15,48,49,2,12,4,46,34,10,43,2,47,45,2,3,21
739,80,0.7905,45,34,22,44,49,5,7,4,44,49,19,40,2,49,36,4,3,31
740,31,0.254,46,46,20,49,49,18,17,3,49,45,8,37,3,49,40,4,3,19
741,43,0.7412,49,44,11,37,49,2,26,4,44,32,16,25,3,44,29,3,4,26
742,38,0.3117,49,48,21,43,47,7,18,4,42,38,18,39,4,49,47,6,2,20
743,33,0.425,46,40,17,46,49,1,14,3,41,44,20,40,3,47,38,5,2,31
744,38,0.2316,49,48,23,40,49,6,9,4,48,31,18,27,3,49,45,8,4,33
745,50,0.7633,48,35,20,44,47,2,10,4,39,39,6,37,3,49,46,3,2,37
746,93,0.9375,48,41,12,38,48,8,11,4,48,46,18,38,2,49,28,1,2,30
747,83,0.4941,47,46,24,42,38,10,25,4,47,45,17,49,3,49,39,1,3,32
748,50,0.3295,48,42,17,49,49,8,20,3,47,49,9,46,3,49,48,3,3,33
749,58,0.314,41,49,19,39,47,12,15,4,45,38,23,38,3,42,47,3,3,27
750,69,0.3449,46,33,13,38,43,12,14,4,35,26,19,43,3,49,49,3,3,18
751,66,0.4144,49,42,16,38,48,14,12,4,43,24,10,45,3,49,48,1,3,23
752,67,0.9778,49,44,16,40,49,1,22,4,48,35,15,37,4,48,45,2,3,35
753,53,0.6101,48,49,27,39,48,3,16,3,48,32,11,40,2,48,49,5,3,19
754,62,0.9845,45,48,23,47,44,2,19,4,48,32,9,27,3,48,42,2,3,39
755,99,1.2001,49,39,13,49,49,8,7,4,49,31,14,42,3,49,48,1,3,21
756,29,0.2933,49,49,24,42,45,8,10,3,46,31,9,49,3,46,37,7,3,35
757,51,0.4105,49,48,19,45,46,8,17,4,49,46,21,36,3,49,37,4,3,47
758,11,0.2879,46,49,7,49,46,1,3,3,35,48,15,42,4,44,49,3,2,35
759,63,1.1715,47,37,16,36,47,3,9,4,49,48,13,34,4,47,41,7,2,35
760,61,0.7584,45,38,18,38,47,4,12,3,44,36,10,36,3,39,48,5,3,39
761,89,1.2614,48,43,17,37,49,4,11,4,43,27,15,42,3,49,48,4,3,27
762,67,0.8875,46,40,6,42,48,9,13,4,43,44,18,48,2,48,36,2,3,26
763,55,0.704,47,39,17,45,49,3,11,4,49,31,14,48,3,49,40,6,2,16
764,110,1.2183,47,47,9,49,49,9,21,4,49,41,8,35,3,45,48,1,3,22
765,93,1.2905,49,33,12,47,45,4,10,4,49,33,18,31,3,46,39,1,1,33
766,44,0.7436,46,40,17,49,49,1,23,4,49,46,18,39,3,49,46,4,2,23
767,45,0.3903,41,42,17,44,48,7,15,4,39,49,12,38,3,49,38,3,2,30
768,38,0.2798,42,44,16,37,49,14,22,4,48,47,19,40,4,49,40,5,3,14
769,59,0.9835,49,35,15,47,49,2,10,4,41,40,15,37,3,46,45,6,3,32
770,55,0.821,47,43,15,37,49,3,18,3,49,43,14,48,3,47,33,5,2,31
771,8,0.1891,49,39,17,45,45,1,13,4,47,29,18,49,3,49,36,10,2,26
772,67,0.4897,39,40,17,49,46,9,12,4,49,36,15,49,3,44,49,3,2,18
773,25,0.4493,49,36,16,43,47,1,7,4,49,26,4,49,3,49,49,4,2,23
774,51,0.8493,48,33,21,48,48,1,13,4,44,45,15,46,3,49,49,6,2,27
775,51,0.276,49,31,19,40,49,15,5,4,44,32,17,35,3,49,32,4,3,22
776,155,1.8872,49,43,15,49,40,2,8,4,49,40,11,42,3,49,35,1,2,35
777,103,0.4977,41,35,14,47,49,12,6,4,49,42,18,49,3,42,49,8,3,20
778,9,0.1394,49,43,5,39,45,3,9,4,45,25,11,31,3,49,47,6,3,20
779,107,1.0196,45,43,21,42,48,3,18,4,49,33,17,49,3,48,18,4,2,28
780,90,0.8884,45,42,14,43,45,8,4,4,41,38,23,43,2,49,39,2,3,35
781,62,0.5722,46,42,10,48,48,16,19,4,44,31,16,45,3,44,35,1,3,19
782,101,1.0887,49,45,15,46,47,10,5,4,45,45,3,40,3,42,46,1,3,38
783,63,0.5482,49,37,17,40,49,7,12,4,46,39,15,49,3,46,40,4,3,22
784,33,0.5242,47,42,14,49,44,3,14,4,44,36,12,43,3,46,40,8,3,26
785,44,0.6339,49,46,11,42,48,6,5,4,48,42,6,38,3,46,40,6,3,30
786,79,1.1038,40,47,9,49,49,6,3,4,46,42,19,41,3,47,49,2,2,20
787,127,1.3443,46,22,11,42,49,3,2,4,45,39,10,37,3,49,36,1,2,34
788,84,0.8289,49,36,18,48,49,6,11,4,49,26,17,40,3,47,39,1,3,26
789,18,0.2205,49,45,2,32,47,10,13,4,42,46,14,44,2,43,34,4,3,17
790,36,0.2933,43,35,12,37,43,9,12,3,49,48,5,49,4,43,48,12,2,30
791,82,0.6089,47,28,12,49,47,7,10,3,47,42,15,44,3,49,49,1,2,28
792,35,0.5177,48,35,11,49,48,1,5,4,42,36,10,33,3,49,43,4,1,30
793,17,0.2692,48,41,7,35,45,2,6,3,48,39,3,37,3,48,49,6,3,30
794,77,1.056,49,39,14,45,37,2,11,4,43,46,17,45,3,47,43,2,2,21
795,89,0.9219,46,46,6,42,49,15,15,3,49,39,11,40,4,41,40,2,2,26
796,67,1.0711,48,34,13,46,47,6,1,4,45,37,14,39,3,47,41,8,2,25
797,26,0.7167,42,38,13,49,49,3,6,3,49,35,24,38,3,46,34,8,2,30
798,74,0.6344,38,31,18,49,48,8,17,4,47,34,11,48,3,46,29,1,2,32
799,56,0.4339,46,44,15,44,48,9,12,4,44,41,18,36,3,48,33,9,2,33
800,65,1.1566,48,36,8,38,48,1,6,4,41,35,10,41,3,49,42,1,3,21
801,55,0.7974,44,38,11,49,47,6,6,4,44,37,11,44,3,40,48,7,2,29
802,25,0.426,49,35,9,47,48,2,19,4,49,43,17,41,4,49,46,6,3,29
803,35,0.2166,49,39,18,49,38,11,11,4,48,45,11,42,3,49,37,5,2,32
804,14,0.1466,48,31,25,40,35,14,6,4,49,44,5,35,4,46,42,5,2,29
805,119,1.0768,42,33,12,35,48,6,4,4,43,49,11,44,3,43,37,1,3,25
806,38,0.1924,49,33,18,49,44,8,16,3,46,39,6,41,3,49,38,4,2,42
807,27,0.3214,46,28,9,46,40,3,3,4,47,36,6,43,2,49,44,6,2,24
808,10,0.1087,42,43,2,48,49,5,6,4,44,37,10,40,3,49,49,5,2,30
809,44,0.7003,48,44,10,49,49,1,5,4,49,46,12,41,2,44,43,2,3,23
810,72,0.358,49,35,18,47,49,8,8,4,46,48,12,30,3,47,43,2,2,22
811,110,1.6312,49,32,12,33,49,4,9,4,49,29,15,38,3,49,49,3,2,26
812,63,0.9088,49,28,13,49,47,2,4,4,45,35,10,44,3,49,41,5,2,26
813,27,0.4527,45,35,7,40,43,3,12,4,49,45,7,48,4,39,39,3,1,40
814,82,0.2604,49,34,12,44,43,15,9,3,49,38,19,45,3,47,47,8,2,22
815,130,1.012,49,32,17,47,49,4,15,4,48,32,11,30,3,49,41,1,3,31
816,81,0.8073,30,34,15,45,49,3,18,4,49,48,11,39,3,45,38,3,2,37
817,81,0.482,40,38,9,42,47,17,2,4,49,48,13,44,3,49,49,3,2,11
818,24,0.3939,45,26,9,49,49,2,9,4,40,37,5,40,4,48,46,5,2,28
819,25,0.601,46,38,10,45,44,1,19,4,48,39,3,42,3,49,43,2,2,21
820,133,1.2103,49,47,10,47,47,8,5,3,49,49,15,33,3,44,43,3,2,38
821,65,0.6422,44,32,9,39,47,8,9,4,49,34,11,42,3,47,40,6,3,35
822,28,0.3733,49,29,5,36,49,4,7,4,49,44,20,33,3,44,39,3,3,28
823,107,0.9193,48,31,18,49,47,4,9,4,49,41,8,35,3,49,39,1,2,31
824,47,0.767,48,21,7,40,49,5,5,4,48,42,17,44,3,47,48,6,3,14
825,134,1.7499,46,26,13,42,49,6,6,4,49,33,23,37,3,47,38,5,2,37
826,112,0.8644,47,40,14,38,44,9,7,4,48,48,18,26,3,48,41,2,3,33
827,135,1.2046,49,43,19,49,46,4,4,4,49,49,16,39,3,49,45,2,3,33
828,52,0.6993,49,36,10,39,49,1,11,4,43,37,10,31,3,49,47,3,2,35
829,96,1.2119,37,42,8,43,49,1,3,4,41,44,9,35,3,47,32,1,3,23
830,14,0.3633,48,32,14,45,49,1,1,4,49,43,14,41,2,49,41,8,3,27
831,38,0.4202,49,36,7,49,47,5,2,4,49,48,17,36,3,49,43,6,3,27
832,115,0.8564,45,33,18,42,44,7,11,4,48,42,13,49,3,33,41,4,2,39
833,68,0.741,40,45,10,48,46,6,11,4,49,47,10,39,3,47,35,3,3,32
834,57,0.3899,49,48,14,49,49,9,10,4,49,45,8,48,3,48,49,3,4,23
835,62,1.0612,49,37,6,49,49,1,2,4,45,43,9,40,2,48,48,1,3,27
836,74,1.1185,33,36,17,42,41,4,6,4,35,33,10,37,2,43,40,5,3,27
837,83,0.6618,49,27,14,49,45,8,9,4,49,47,18,36,3,48,49,1,2,32
838,111,1.2402,46,41,20,43,49,4,11,4,48,36,19,38,2,43,49,6,3,27
839,21,0.3324,43,44,11,33,49,1,11,4,49,36,12,35,3,48,49,4,3,31
840,99,0.7257,47,36,14,43,41,8,10,4,49,49,20,32,4,49,44,1,3,21
841,60,0.7915,49,37,13,41,49,4,3,4,44,42,20,46,2,44,39,2,3,30
842,51,0.4878,49,37,5,49,46,10,8,4,41,40,18,38,3,42,49,1,2,31
843,80,0.6928,43,33,16,39,47,6,6,4,47,48,22,33,3,42,40,1,3,32
844,73,0.6237,49,43,21,44,43,4,9,3,44,44,11,35,3,49,48,2,3,44
845,72,0.2606,44,36,20,46,48,15,17,4,49,43,33,44,3,49,36,2,3,31
846,31,0.4446,43,29,10,46,45,3,1,3,48,38,23,31,3,37,45,4,2,41
847,50,0.2889,45,43,16,47,48,6,5,3,49,37,17,33,4,49,42,5,2,33
848,136,1.9502,42,39,14,49,49,5,11,4,49,38,18,43,3,49,49,2,2,22
849,44,0.86,39,29,16,48,47,3,2,4,49,45,21,36,2,40,41,4,2,29
850,81,0.5974,48,35,15,48,49,13,12,3,41,48,18,34,3,49,35,1,2,35
851,87,0.484,47,49,17,49,49,10,15,3,46,47,18,33,3,49,44,2,4,31
852,54,0.3149,49,40,17,39,45,7,13,3,48,49,25,29,4,48,36,7,2,38
853,44,0.3049,49,37,18,45,47,11,5,4,48,43,19,40,4,43,41,4,2,22
854,82,0.4492,39,39,21,36,49,8,11,4,48,49,24,40,4,48,39,1,3,27
855,75,0.6895,43,32,12,38,44,5,5,4,48,43,21,32,4,40,44,1,2,35
856,142,1.8456,47,41,17,48,47,1,8,4,44,49,15,47,3,47,44,2,2,34
857,71,0.6297,39,27,17,46,47,6,2,4,49,49,20,34,3,41,40,1,3,29
858,63,1.1817,43,42,15,38,47,2,4,4,48,46,18,40,4,48,37,6,3,34
859,105,1.533,47,38,11,38,46,4,5,4,47,47,15,37,2,42,39,3,2,42
860,91,0.9047,44,46,18,47,46,6,6,3,49,44,18,45,3,49,46,4,3,33
861,29,0.5715,49,41,17,48,48,2,3,4,46,49,26,37,3,49,42,7,3,29
862,67,0.4663,49,48,20,47,43,7,23,3,48,40,21,34,4,47,44,2,2,26
863,145,2.195,47,46,11,45,48,5,9,3,44,48,17,38,3,47,41,2,2,29
864,37,0.5614,49,37,13,47,47,2,5,3,49,41,24,46,4,47,49,2,2,28
865,66,0.8872,48,44,16,45,49,1,5,3,45,44,15,40,3,44,39,5,3,43
866,77,0.4156,48,46,15,48,48,9,13,3,43,49,26,44,3,44,43,3,2,30
867,88,0.6152,49,33,18,49,49,8,7,3,45,43,12,36,2,46,49,2,3,36
868,40,0.52,48,46,15,49,49,3,8,3,49,49,22,48,2,48,46,5,3,31
869,84,1.0126,49,49,22,49,47,2,14,4,48,49,22,24,3,49,49,8,3,34
870,134,2.0215,45,44,16,49,49,2,7,3,47,46,14,40,3,49,49,2,3,32
871,100,0.9341,45,39,13,47,48,10,6,3,49,48,23,42,2,48,48,5,2,35
872,111,1.5351,48,41,15,47,49,1,13,4,48,45,15,43,4,47,41,3,3,30
873,46,0.2166,49,49,20,48,48,14,16,3,49,49,24,44,3,48,47,3,3,26
874,42,0.5132,45,40,19,49,40,2,12,4,49,38,11,49,3,49,45,6,2,36
875,78,0.9251,49,41,19,49,43,4,12,4,49,45,18,43,3,49,40,5,3,32
876,237,3.0447,46,38,19,42,49,1,12,4,49,44,15,38,3,49,41,1,3,30
877,52,0.9861,45,31,13,49,48,2,2,3,48,46,16,46,3,42,40,2,2,40
878,100,1.5751,41,32,10,47,49,6,1,4,44,35,17,39,2,48,38,2,1,42
879,50,0.4023,49,49,16,49,46,9,25,3,48,49,19,42,3,49,44,7,3,27
880,62,0.4059,45,41,16,45,44,12,10,4,49,45,20,48,4,49,49,4,4,20
881,85,0.8195,49,39,15,49,48,5,6,4,49,49,19,41,3,49,41,6,3,35
882,72,0.5487,41,44,22,45,43,3,6,3,45,49,15,46,3,49,43,3,3,29
883,13,0.2224,45,46,14,49,47,1,5,4,49,48,20,32,3,46,35,7,2,28
884,37,0.2971,46,42,19,48,47,8,11,4,44,42,11,38,3,49,40,4,3,34
885,91,0.7505,48,34,20,46,48,6,5,4,48,44,18,44,3,48,43,1,2,29
886,165,1.7619,49,37,18,49,49,3,12,4,49,47,16,39,3,49,38,1,3,28
887,46,0.4241,44,45,19,45,49,4,15,3,49,37,9,42,3,49,34,5,3,30
888,53,0.5387,47,38,12,43,48,2,5,4,49,43,12,40,3,49,40,4,2,25
889,67,0.4998,47,49,15,49,48,7,21,3,46,47,14,34,2,49,45,5,2,29
890,116,1.1139,44,37,11,41,49,6,7,3,41,49,17,42,2,49,45,6,2,35
891,122,1.4735,48,41,18,38,48,5,21,3,49,37,14,38,3,47,49,1,3,33
892,62,1.211,44,37,13,42,43,2,10,4,48,40,17,48,2,49,42,1,2,23
893,88,1.5578,44,41,15,49,49,1,8,3,43,44,16,42,3,48,48,1,3,26
894,101,1.0884,41,37,14,46,49,5,15,4,42,44,18,44,4,48,48,1,3,29
895,95,1.5185,44,38,11,47,45,1,7,4,49,49,15,37,3,49,47,1,3,24
896,21,0.3324,45,41,14,49,49,1,9,4,48,40,16,36,3,49,47,5,2,30
897,130,1.5008,41,46,19,49,49,1,11,4,49,42,12,43,3,48,47,2,3,27
898,107,1.5581,49,41,15,46,49,2,15,4,49,40,19,32,3,49,41,2,3,34
899,53,0.3213,40,37,18,48,44,10,13,4,49,45,22,39,3,49,49,3,2,26
900,92,0.7569,46,45,9,44,49,14,6,3,47,40,23,43,3,46,48,3,3,20
901,150,1.9733,49,36,21,49,49,2,10,4,49,41,16,39,3,48,39,3,3,29
902,164,1.753,42,41,14,41,49,5,18,3,44,45,16,41,3,49,49,2,3,34
903,127,1.4796,44,41,16,49,49,5,7,4,45,39,18,39,3,46,48,2,3,30
904,165,1.7921,47,43,14,48,49,2,9,4,49,42,10,35,3,48,47,1,4,20
905,88,0.7998,49,33,11,48,47,7,11,4,46,49,18,36,3,49,45,1,2,31
906,53,1.0606,49,42,15,49,48,1,17,4,47,41,17,44,3,49,45,1,3,31
907,48,0.6143,49,46,20,49,47,4,11,4,49,28,9,38,3,49,46,4,3,39
908,14,0.3569,47,38,16,46,49,2,18,4,49,40,18,44,2,46,35,8,3,29
909,176,2.3955,49,45,18,49,46,1,14,3,44,42,7,43,3,49,49,1,3,29
910,122,1.5197,49,39,17,48,47,3,8,4,49,47,16,42,3,46,49,1,3,30
911,90,0.7277,49,34,14,49,46,4,14,3,49,37,8,33,4,47,37,2,3,31
912,71,0.5993,42,31,13,48,49,6,12,4,47,48,14,36,3,49,46,5,3,30
913,42,0.587,41,34,19,49,49,1,10,4,43,40,23,44,3,49,29,2,2,32
914,74,0.9597,44,39,18,45,49,4,17,4,44,40,14,41,3,49,37,4,3,35
915,88,1.6093,45,43,20,48,49,1,7,3,49,39,19,37,3,48,42,1,3,27
916,72,1.0796,49,48,18,42,48,2,19,4,47,42,14,36,4,48,37,5,3,34
917,89,1.7355,47,40,21,49,49,1,15,3,48,48,20,45,3,49,49,2,3,29
918,121,1.3659,49,44,22,49,49,2,10,4,45,45,15,41,3,45,47,3,4,24
919,75,0.9226,49,40,21,38,48,2,11,4,49,39,23,34,3,46,39,2,3,30
920,61,0.47,42,40,18,48,49,6,11,3,48,43,19,41,3,48,43,6,3,30
921,66,0.6394,49,42,17,49,49,7,15,4,36,45,7,40,3,45,45,2,4,22
922,59,0.514,48,49,15,48,45,9,7,4,42,43,9,34,2,47,49,3,4,25
923,99,1.2508,42,41,6,40,49,2,15,4,40,49,14,43,3,49,47,1,4,28
924,114,0.8219,49,44,14,48,48,7,16,4,43,43,12,35,3,48,47,2,4,33
925,79,1.2119,48,39,17,49,49,2,5,3,48,32,13,37,3,44,42,4,3,29
926,65,0.699,49,37,17,49,47,6,11,4,44,42,14,48,3,48,48,4,3,27
927,55,0.4706,49,48,15,48,49,8,21,3,45,33,13,42,3,49,46,6,4,14
928,63,0.4919,49,40,24,49,49,8,16,4,47,38,13,34,3,49,46,2,3,30
929,62,0.6902,47,37,22,42,49,3,9,3,49,41,13,46,3,49,49,5,4,30
930,144,1.8271,49,48,13,48,47,2,4,3,46,37,8,34,4,47,48,1,3,28
931,106,1.3111,44,41,20,45,49,2,6,4,46,43,11,46,3,49,40,2,3,22
932,197,2.5303,49,36,11,45,47,2,13,4,48,46,12,36,3,49,39,1,3,42
933,135,1.8558,49,48,19,49,49,3,16,3,41,39,14,37,3,49,49,2,3,27
934,113,1.2424,49,41,18,46,49,4,13,4,44,39,12,41,3,48,48,2,3,27
935,52,0.6728,47,37,20,49,45,3,14,4,45,37,9,49,4,48,46,6,3,20
936,58,0.7593,43,43,12,44,49,6,11,4,46,33,4,38,3,49,45,2,3,24
937,32,0.1764,48,39,24,45,49,8,9,3,48,47,11,45,3,48,49,4,4,25
938,91,0.6892,49,41,18,44,45,8,14,3,45,44,11,49,3,49,49,1,3,30
939,191,2.92,48,48,11,44,47,3,8,3,45,42,14,35,3,49,44,1,3,31
940,102,0.8084,49,36,18,46,49,5,5,4,49,49,14,40,3,49,49,2,3,24
941,149,2.2967,44,41,19,45,46,3,10,4,44,46,20,37,2,49,34,4,3,35
942,53,0.5034,49,45,19,44,47,6,13,3,42,43,12,32,3,46,42,3,3,33
943,91,1.2889,48,43,11,46,49,4,14,3,47,37,17,40,3,46,42,2,3,38
944,154,2.2541,49,37,20,49,49,3,3,4,49,42,15,41,3,46,45,1,3,25
945,34,0.5849,49,47,14,43,49,1,8,3,46,49,7,33,3,49,42,5,3,32
946,106,0.9263,49,49,13,49,48,6,21,4,49,39,13,37,4,49,46,2,3,32
947,127,1.1624,49,49,14,45,49,6,7,3,40,41,6,35,3,49,49,1,3,32
948,60,0.7064,48,47,14,32,49,3,17,3,37,49,12,35,4,47,42,4,3,32
949,121,1.4083,49,48,16,48,47,6,11,3,43,44,10,37,3,49,49,1,3,28
950,96,0.7813,49,48,18,42,48,6,11,3,46,46,12,35,3,44,49,2,4,29
951,95,1.4036,46,36,15,48,44,2,9,4,44,47,9,36,3,49,48,2,3,30
952,68,0.9109,49,36,17,49,49,3,12,4,43,45,12,35,3,49,49,5,3,30
953,50,0.4123,41,41,13,49,49,6,16,4,40,47,10,33,4,49,46,3,3,31
954,86,0.9575,49,39,14,42,46,4,12,3,46,48,17,40,3,49,49,5,2,33
955,46,0.4925,48,44,16,49,48,5,18,3,49,41,8,24,3,49,45,3,4,31
956,102,1.1023,48,43,14,42,49,4,23,4,41,35,17,42,2,49,46,1,4,21
957,81,1.2478,49,49,10,44,47,3,13,3,39,49,16,39,3,47,42,1,4,23
958,117,0.9987,48,41,15,49,48,6,5,3,46,33,10,35,3,49,45,1,3,34
959,104,1.405,49,45,10,47,49,5,15,3,42,48,15,41,3,49,41,3,3,34
960,116,1.1848,49,46,16,40,49,6,11,4,44,32,13,43,4,47,44,1,3,30
961,57,0.847,48,42,15,43,46,1,1,3,47,46,18,44,3,49,46,2,3,34
962,52,0.5541,40,41,17,49,49,4,3,4,37,47,12,34,4,49,45,3,3,39
963,137,1.6408,46,41,17,49,49,3,7,4,42,45,17,30,2,48,44,2,3,25
964,219,2.4101,49,44,16,49,48,3,12,3,42,47,13,44,3,48,43,1,3,31
965,98,1.1131,49,42,20,49,49,2,9,4,49,47,13,43,3,48,43,3,3,32
966,87,1.12,48,45,19,49,49,1,19,4,41,39,13,35,3,49,38,6,3,34
967,84,0.8465,49,41,16,40,49,8,3,4,38,43,19,30,3,48,49,1,2,29
968,163,1.7074,43,42,17,43,48,3,4,4,43,48,14,37,3,44,40,2,2,37
969,65,0.3107,45,49,19,41,49,10,20,4,41,36,7,39,3,49,47,2,3,30
970,108,0.7528,49,49,15,48,46,9,11,3,45,46,8,39,3,49,39,1,3,28
971,42,0.3435,49,47,21,45,48,4,14,4,49,44,10,37,3,49,44,3,3,26
972,94,1.0033,49,46,18,49,49,4,8,4,38,36,5,37,3,46,48,1,2,26
973,128,1.8393,48,43,14,48,49,3,6,4,48,42,19,36,3,49,49,3,3,31
974,142,1.5331,49,49,14,48,48,1,12,4,49,34,9,32,3,47,36,2,4,33
975,72,1.2039,49,42,19,49,49,2,7,4,48,43,11,38,2,49,48,4,3,28
976,100,1.4997,49,48,13,49,49,3,4,3,49,49,11,40,4,49,48,2,3,34
977,80,1.03,43,47,14,48,49,3,3,4,41,47,13,38,3,48,42,4,4,36
978,73,0.9246,46,38,17,40,47,3,8,4,43,49,13,42,3,48,49,4,3,17
979,56,0.3685,45,49,21,46,49,6,5,4,44,41,8,36,3,48,47,2,3,22
980,151,1.8831,49,38,22,49,49,1,13,4,43,44,17,38,3,49,41,3,3,30
981,83,0.4898,46,42,21,49,46,11,7,4,44,48,17,43,3,45,41,1,3,37
982,103,0.9702,43,42,23,47,48,4,10,3,46,42,15,40,3,42,43,1,3,36
983,86,0.9948,49,42,20,45,49,3,6,4,46,45,18,37,3,49,38,6,3,26
984,176,2.7409,49,44,17,39,49,3,12,4,48,42,16,33,3,49,34,1,3,36
985,36,0.2859,44,41,21,49,46,7,9,4,46,47,13,35,3,49,33,4,3,30
986,60,0.6446,41,49,17,47,49,3,8,4,45,42,15,45,3,49,40,4,3,27
987,81,0.8051,45,41,17,46,45,4,13,4,48,49,15,34,3,49,47,3,3,37
988,158,1.7365,47,43,15,47,48,2,2,4,46,44,15,31,3,47,38,2,2,43
989,53,0.6651,47,45,19,49,48,3,8,4,43,49,10,39,3,49,46,3,3,32
990,41,0.2798,47,42,21,45,48,6,4,4,42,48,16,40,3,49,39,6,3,25
991,71,0.5035,46,33,18,43,49,5,2,4,48,45,20,37,3,47,40,6,2,37
992,221,2.8445,49,41,16,48,49,3,10,4,46,42,13,39,3,49,40,1,4,29
993,104,1.1716,45,43,20,49,49,4,18,4,49,46,17,40,3,48,35,2,2,31
994,94,0.7865,48,48,14,49,49,5,7,3,47,48,14,36,3,48,49,3,3,33
995,173,2.4285,49,41,18,48,49,2,14,4,40,43,16,37,3,49,39,1,4,31
996,43,0.5269,43,48,15,49,47,6,11,3,41,43,7,39,3,49,44,3,3,34
997,115,0.9591,48,49,13,49,45,9,3,4,49,47,12,33,3,49,44,1,3,27
998,53,0.4745,46,49,16,49,48,7,12,4,48,49,11,43,3,48,35,3,3,33
999,141,1.9884,48,48,17,48,48,2,12,3,42,45,14,40,2,49,42,2,3,34
1000,245,3.847,49,45,14,44,49,1,7,4,44,46,11,38,3,49,47,1,3,27
1001,117,1.6346,46,42,9,46,49,6,6,4,45,47,16,39,3,49,44,1,3,32
1002,83,0.9793,45,47,16,43,49,2,22,4,40,46,13,38,3,49,43,3,3,32
1003,90,0.7619,48,43,15,45,49,8,5,4,43,39,14,40,3,49,40,1,3,34
1004,129,1.4949,49,47,17,49,49,4,5,4,46,49,20,33,3,49,38,3,3,35
1005,150,2.1523,49,47,21,49,44,3,17,4,45,41,17,42,3,49,42,2,4,29
1006,314,4.4306,49,39,19,49,49,1,9,4,49,40,13,38,3,49,38,1,3,32
1007,169,1.8966,49,49,20,45,49,3,10,3,42,41,16,28,3,49,46,1,4,28
1008,68,0.381,47,37,15,48,44,8,8,4,48,40,13,39,3,49,41,3,3,24
1009,127,1.5617,43,43,11,49,49,2,4,3,48,39,14,41,3,49,47,1,3,25
1010,238,3.2395,43,37,14,44,49,3,5,4,49,49,14,39,4,49,40,1,2,30
1011,73,0.802,45,49,21,49,49,3,10,4,48,38,10,44,3,49,43,2,3,31
1012,62,0.6128,48,45,14,49,49,4,5,4,39,47,11,36,4,49,37,3,3,30
1013,128,1.8121,49,49,13,46,49,2,7,4,42,44,15,33,3,46,39,2,3,35
