Trial,Fitness,TimeElapsed,initialGrass,initialBunny,initialFox,bunnyStart,bunnyFood,bunnyCooldown,bunnyFed,bunnyChildren,bunnyLiveLength,foxStart,foxCooldown,foxFed,foxChildren,foxLiveLength,grassFood,grassCooldown,grassChildren,grassLiveLength
0,1,0.0399,8,3,4,1,39,47,47,1,33,32,46,38,1,7,30,15,1,32
1,1,0.0532,9,26,40,5,9,50,39,1,29,3,35,34,4,31,29,9,5,1
2,1,0.0281,9,46,50,1,23,22,15,3,13,21,16,48,5,41,7,14,5,9
3,2,0.0278,23,8,32,4,21,7,50,4,3,24,39,25,3,27,42,1,2,14
4,8,0.0385,23,38,31,49,9,8,5,5,7,21,22,23,4,6,34,48,1,25
5,2,0.0339,44,4,50,3,2,6,9,4,25,35,29,18,1,40,35,6,5,3
6,2,0.0324,9,46,21,5,8,1,18,2,23,29,22,44,4,34,29,48,3,2
7,5,0.0552,7,38,38,47,41,38,11,3,33,42,32,19,1,29,19,8,4,6
8,17,0.0318,8,12,14,46,18,33,4,5,26,10,16,36,4,22,49,44,4,42
9,2,0.0254,25,24,2,22,38,37,49,4,13,2,39,19,1,5,27,8,2,8
10,11,0.0733,40,16,16,36,50,23,30,5,48,12,1,1,3,17,49,35,4,49
11,12,0.084,44,15,15,38,30,22,28,5,49,12,1,7,3,15,50,35,4,47
12,15,0.0923,36,15,12,36,28,32,27,5,49,14,2,4,3,16,49,36,4,50
13,15,0.0443,34,15,10,35,17,33,1,5,42,13,10,35,2,18,41,37,3,38
14,7,0.0429,1,23,12,27,30,29,22,4,41,9,11,8,5,50,42,28,3,41
15,13,0.0475,16,10,23,44,16,41,37,5,18,17,8,31,2,21,17,41,4,42
16,10,0.036,35,20,7,28,29,16,33,2,40,47,16,12,4,11,46,26,4,29
17,20,0.0463,31,33,19,42,17,30,22,4,35,7,5,41,2,23,37,43,3,21
18,19,0.06,30,36,18,42,18,43,21,4,32,6,19,42,2,23,36,43,2,20
19,1,0.0263,50,32,27,16,13,43,22,3,33,6,24,42,2,1,20,29,2,20
20,1,0.028,30,31,19,40,5,15,18,3,38,1,7,50,2,36,37,22,2,18
21,20,0.0514,17,39,26,43,19,29,10,4,28,8,16,41,2,22,39,42,3,23
22,22,0.0504,20,40,26,42,24,27,13,4,30,6,18,43,2,23,37,44,3,23
23,16,0.0825,18,50,26,32,24,26,11,4,20,18,12,29,2,24,23,49,3,25
24,13,0.0393,17,42,31,31,35,17,14,4,37,8,5,47,2,13,39,40,3,14
25,16,0.0485,20,30,35,50,12,28,7,2,29,6,27,39,1,20,44,45,3,29
26,19,0.0456,14,42,25,42,21,19,15,4,20,15,13,44,2,26,32,31,3,34
27,25,0.046,29,34,28,21,26,30,24,3,45,4,20,30,3,31,13,22,3,23
28,17,0.0468,30,30,41,20,33,35,24,3,46,4,20,30,3,32,11,21,2,18
29,10,0.0697,27,34,29,12,26,27,41,3,44,34,48,38,3,37,1,21,1,29
30,1,0.0219,27,28,22,23,14,12,33,2,36,1,27,33,3,46,14,16,3,14
31,20,0.0302,21,41,24,14,20,30,18,3,29,8,18,39,1,27,24,39,3,23
32,24,0.073,13,36,34,31,26,24,12,4,36,4,14,45,2,30,32,17,3,22
33,21,0.0422,13,34,44,31,25,23,14,1,35,4,14,46,2,30,31,16,3,32
34,23,0.054,13,45,44,30,25,24,14,1,44,3,14,46,3,30,31,15,2,32
35,21,0.0764,12,46,46,19,34,19,17,1,44,3,22,49,3,33,28,13,1,36
36,13,0.0548,4,50,35,25,27,25,7,1,40,21,24,27,4,40,33,18,2,28
37,18,0.0479,12,44,35,29,23,49,13,2,46,27,30,45,3,28,7,13,2,32
38,26,0.0654,22,37,46,34,42,20,4,1,44,10,19,24,3,36,25,2,1,27
39,15,0.1332,6,37,47,25,46,12,1,1,44,39,36,23,4,44,21,1,1,26
40,11,0.0552,25,46,40,33,42,18,6,1,50,23,14,16,5,36,26,4,1,16
41,17,0.0435,21,39,42,34,31,24,4,2,38,11,20,23,3,31,30,11,2,26
42,19,0.0506,23,35,49,29,36,22,9,1,31,4,17,25,3,34,33,24,1,22
43,1,0.0259,10,40,37,38,22,20,11,3,47,1,21,48,3,40,2,4,5,32
44,3,0.0274,15,26,32,22,39,14,3,2,3,5,9,37,4,30,17,20,2,11
45,17,0.0457,20,44,44,38,32,26,17,1,43,10,24,32,1,25,10,18,2,27
46,15,0.0502,10,38,38,46,44,35,8,3,26,16,15,21,3,38,24,11,1,24
47,17,0.0554,23,48,28,26,27,20,12,4,39,3,12,15,4,28,28,26,4,18
48,14,0.0239,19,3,30,30,50,31,43,2,42,11,18,26,3,35,34,32,3,38
49,17,0.0816,26,44,33,19,24,21,25,4,47,18,42,35,4,32,29,24,4,30
50,15,0.0426,6,36,48,35,38,9,20,5,35,14,26,43,2,43,39,18,2,35
51,22,0.0551,14,34,44,32,25,24,14,1,34,4,15,46,2,30,31,16,3,32
52,15,0.0415,15,29,50,37,26,24,16,1,31,6,10,46,2,19,35,7,3,31
53,10,0.0316,11,33,44,8,28,27,19,1,24,9,22,50,1,29,31,11,3,27
54,19,0.0354,8,27,40,33,22,32,30,1,41,2,18,44,2,26,22,15,3,34
55,21,0.0757,33,42,46,28,30,34,9,1,35,5,16,40,3,38,27,24,2,38
56,8,0.044,22,21,43,48,1,38,13,5,50,7,6,48,2,33,25,19,4,21
57,27,0.161,18,37,37,24,20,3,6,2,33,3,14,46,2,30,36,9,3,24
58,1,0.0246,38,37,37,23,16,3,3,2,45,1,11,42,3,24,44,4,4,24
59,11,0.039,18,40,33,16,20,28,5,3,13,12,13,28,1,34,37,9,3,19
60,30,0.0849,28,48,39,27,47,5,1,2,37,9,20,20,2,27,41,9,3,11
61,49,0.29,25,48,38,40,46,1,2,2,37,10,19,21,2,27,40,1,3,12
62,53,0.2412,28,49,39,27,47,2,1,2,38,10,20,20,2,28,41,1,3,4
63,50,0.3216,28,49,38,27,48,2,1,2,38,9,20,21,2,27,41,2,3,5
64,43,0.3107,28,49,38,26,47,1,1,2,39,10,20,20,2,27,46,1,3,5
65,43,0.2922,32,49,39,26,47,1,1,2,38,14,24,20,2,27,47,1,3,4
66,5,0.0752,33,48,39,24,47,1,1,2,38,13,30,21,2,25,46,6,3,5
67,1,0.0312,28,48,37,17,48,5,2,2,33,19,23,17,2,27,47,2,3,1
68,19,0.0628,32,50,42,27,45,4,5,2,40,15,26,14,2,21,41,3,3,4
69,26,0.0879,36,48,39,27,49,7,1,2,37,9,21,20,1,28,43,6,3,8
70,30,0.2307,25,47,36,24,45,1,3,2,39,49,28,11,2,22,48,1,3,11
71,31,0.1976,25,47,36,26,44,1,3,2,37,49,29,11,2,23,50,1,3,10
72,23,0.1599,26,49,36,26,44,1,3,2,41,50,32,10,2,17,50,1,3,11
73,27,0.1407,25,47,41,23,47,2,2,2,39,44,28,13,2,22,47,3,3,6
74,19,0.0928,29,45,39,21,41,6,3,2,37,48,25,18,2,24,48,5,3,10
75,27,0.096,31,50,34,28,50,9,5,2,42,44,31,11,2,19,44,1,3,8
76,3,0.0404,28,47,41,25,44,4,7,2,39,30,28,8,2,26,45,3,4,3
77,7,0.0377,27,43,31,40,48,2,1,2,36,41,34,22,2,23,42,7,3,7
78,3,0.0418,24,46,36,29,42,6,2,2,34,47,24,1,1,15,49,5,3,3
79,31,0.2763,29,49,38,20,46,1,4,2,11,12,22,18,2,21,40,1,3,13
80,1,0.0373,31,49,38,1,46,8,6,2,11,13,21,19,2,20,39,2,4,13
81,43,0.5002,24,47,40,21,45,1,4,2,17,11,23,18,2,25,41,1,3,9
82,5,0.064,35,49,42,18,48,3,5,2,8,11,23,16,2,28,41,5,3,5
83,26,0.1275,29,45,39,20,40,5,4,2,18,8,19,18,2,25,40,3,3,9
84,32,0.2286,24,50,40,14,43,2,1,2,11,14,23,20,2,24,45,1,3,13
85,16,0.1671,24,43,41,11,43,2,8,2,6,15,25,24,2,24,45,1,3,13
86,1,0.0461,30,6,33,15,49,4,4,2,17,17,23,21,2,20,43,4,3,1
87,8,0.1815,24,50,1,13,45,1,2,2,11,14,22,18,1,26,46,2,3,7
88,5,0.0848,27,46,35,10,46,3,7,3,15,12,17,15,2,11,38,7,3,5
89,19,0.1505,32,47,38,21,43,7,2,2,22,20,26,22,2,21,50,3,3,15
90,37,0.3283,22,49,40,7,40,2,4,2,11,23,20,25,2,23,43,1,3,9
91,34,0.2667,22,49,43,9,40,2,4,2,10,25,20,20,2,24,42,1,3,9
92,8,0.0628,22,50,43,8,37,4,6,2,8,23,20,26,2,24,43,5,3,9
93,37,0.2374,21,45,40,7,40,2,1,2,15,26,17,23,2,27,48,2,3,7
94,14,0.1182,21,45,40,5,40,10,1,2,14,26,17,24,2,29,45,2,3,6
95,4,0.0493,23,43,45,7,39,2,9,2,9,22,19,20,2,28,42,4,3,4
96,2,0.0437,20,49,43,6,41,6,2,2,4,29,21,22,2,32,48,3,3,2
97,5,0.0964,26,46,42,4,43,3,5,2,15,36,18,23,2,25,47,6,3,6
98,6,0.0818,22,44,6,10,49,5,4,3,12,25,24,25,1,27,43,8,3,7
99,17,0.1088,19,48,41,10,37,8,8,2,16,27,19,28,2,26,46,2,3,12
100,20,0.151,50,50,45,8,42,2,1,2,9,29,16,19,2,29,40,4,4,16
101,16,0.1256,24,47,40,2,44,1,3,2,12,10,20,17,2,24,45,1,3,10
102,23,0.1389,27,45,36,6,40,4,3,2,20,33,23,21,2,23,42,2,3,9
103,10,0.0767,23,49,38,3,47,3,2,2,6,7,27,23,2,22,49,1,3,4
104,2,0.0471,25,13,40,9,45,2,6,2,10,17,17,20,2,27,44,5,3,2
105,18,0.1177,21,47,34,26,50,5,4,2,13,36,21,25,2,23,38,3,3,10
106,50,0.5098,26,48,43,12,41,1,1,2,27,31,25,27,2,31,49,6,3,7
107,12,0.1208,28,48,48,11,38,6,1,3,27,24,25,16,2,31,47,6,3,8
108,3,0.0499,26,49,45,14,48,3,5,2,22,31,22,27,2,32,48,4,3,3
109,7,0.0837,19,50,43,12,34,4,2,2,14,26,15,19,2,29,44,8,3,7
110,24,0.1561,17,45,42,7,41,2,37,2,17,28,19,30,2,25,41,2,3,6
111,48,0.4453,24,47,37,13,43,1,48,2,38,11,23,5,2,27,49,1,3,8
112,29,0.1839,24,48,37,13,43,1,49,2,36,11,25,22,2,26,46,3,3,8
113,39,0.2321,22,46,39,16,46,7,1,2,38,13,23,24,2,27,49,1,3,12
114,3,0.0549,22,1,39,16,46,4,46,2,40,13,21,24,2,28,49,4,3,5
115,34,0.1998,20,46,41,12,47,1,33,2,38,9,23,4,2,27,48,2,3,4
116,46,0.3338,30,44,38,45,49,3,3,2,34,10,18,27,2,31,50,5,3,12
117,23,0.1288,30,41,38,30,49,7,31,2,34,10,18,28,2,31,49,5,3,12
118,30,0.1385,32,44,37,18,48,5,3,2,32,8,22,26,2,30,50,6,3,7
119,5,0.0656,34,43,35,47,45,3,41,2,40,11,27,27,2,28,47,7,5,5
120,34,0.4386,28,18,39,40,46,1,1,2,42,7,18,33,2,33,46,3,2,15
121,54,0.3579,46,46,42,45,49,2,4,2,39,32,20,29,2,27,48,1,3,9
122,34,0.2144,45,46,40,45,49,4,2,2,38,32,16,31,2,29,48,2,3,12
123,25,0.144,40,42,41,44,50,3,27,2,36,34,24,29,2,27,50,3,3,8
124,59,0.4666,43,47,37,50,47,2,3,2,41,16,17,23,2,30,47,1,3,10
125,49,0.3327,48,47,37,50,48,6,7,2,43,16,20,29,2,31,49,1,3,10
126,24,0.0859,48,47,37,49,47,11,5,2,41,16,19,31,2,34,49,4,3,12
127,49,0.2611,47,48,34,49,48,5,7,2,43,12,22,29,2,31,47,1,3,11
128,37,0.1998,46,48,34,50,48,5,8,2,43,15,21,29,2,31,47,5,3,11
129,34,0.1674,42,44,35,49,50,6,10,2,43,12,22,32,2,32,46,3,3,10
130,54,0.6007,49,48,32,50,48,1,6,2,45,10,20,27,1,33,50,1,3,46
131,53,0.7274,48,47,31,50,48,1,6,2,47,9,20,27,1,33,50,1,3,46
132,52,0.398,48,48,32,48,49,4,7,2,48,9,19,27,1,35,50,2,3,46
133,59,0.4562,47,48,30,47,49,3,7,2,48,9,19,30,1,35,50,2,3,46
134,33,0.2384,48,47,30,48,49,3,10,2,49,8,19,30,1,34,50,46,3,47
135,52,0.4302,48,48,31,47,48,4,7,2,47,9,17,27,1,35,50,3,3,45
136,59,0.4692,48,48,30,47,48,5,7,2,48,5,15,29,1,37,49,2,3,43
137,49,0.325,47,48,28,47,50,8,8,2,47,5,15,28,1,37,48,4,3,43
138,57,0.3981,49,46,30,49,48,5,7,2,48,6,13,30,1,35,50,2,3,46
139,49,0.2061,49,46,32,46,48,6,11,2,48,6,13,32,1,35,50,3,3,45
140,75,0.5654,43,45,30,50,50,4,7,2,46,5,11,34,1,39,49,2,3,48
141,72,0.6424,43,45,29,50,50,4,7,2,46,5,11,26,1,39,49,2,3,49
142,74,0.5794,43,45,30,48,50,4,6,2,46,5,11,35,1,40,50,2,3,50
143,67,0.6568,43,45,30,48,50,4,6,2,46,5,11,35,1,39,50,3,3,50
144,137,1.1044,43,42,30,48,50,4,9,2,46,5,8,35,1,41,50,3,3,50
145,54,0.2153,43,42,29,48,50,8,6,2,46,5,8,36,1,39,50,3,3,50
146,61,0.2295,43,41,27,48,50,8,9,2,45,5,8,36,1,41,48,4,3,50
147,52,0.1754,43,41,29,49,50,8,9,2,45,5,9,36,1,41,48,4,3,50
148,47,0.2281,41,39,25,50,50,9,10,2,46,2,8,35,1,39,48,3,3,49
149,59,0.194,44,42,27,48,50,10,6,2,50,4,4,38,1,42,50,4,3,48
150,50,0.1526,44,41,27,46,50,12,12,2,50,4,11,38,1,42,48,4,3,49
151,60,0.3696,45,42,29,48,49,9,6,2,46,6,3,34,1,45,50,2,3,48
152,61,0.3706,44,42,27,48,49,9,8,2,49,6,3,34,1,47,49,2,3,48
153,48,0.2044,44,42,29,48,50,10,9,2,49,6,3,35,1,46,49,5,3,47
154,60,0.4657,45,40,27,45,49,10,6,2,45,2,4,34,1,44,50,3,3,48
155,57,0.3473,45,40,27,45,49,13,8,2,45,3,4,34,1,45,47,2,3,48
156,51,0.2384,45,39,24,43,49,11,8,2,48,2,3,34,1,45,47,7,3,49
157,38,0.1844,39,40,27,45,5,14,8,2,45,3,4,34,1,48,48,2,3,48
158,53,0.2026,42,43,27,46,49,13,10,2,46,4,1,37,1,44,49,4,3,48
159,58,0.2315,46,38,30,44,49,10,9,2,49,3,6,33,1,42,47,6,3,48
160,52,0.1966,45,38,26,43,47,10,9,2,49,3,6,33,1,42,47,6,3,48
161,1,0.0347,44,41,30,47,49,9,7,2,50,1,5,34,1,41,49,2,3,44
162,52,0.1897,46,40,28,44,50,11,11,2,49,5,6,37,1,43,47,4,3,50
163,71,0.3473,42,43,23,47,49,7,6,2,48,7,12,39,1,48,49,3,3,47
164,66,0.25,42,43,22,48,47,9,8,2,48,7,12,40,1,48,49,5,3,48
165,69,0.2777,42,43,20,48,47,9,6,2,47,7,12,40,1,49,49,5,3,47
166,69,0.3052,42,43,20,48,47,10,6,2,47,7,10,40,1,49,49,7,3,49
167,72,0.3461,42,43,21,48,47,8,6,2,47,7,10,40,1,49,49,8,3,49
168,78,0.6092,41,44,20,47,47,7,5,2,47,7,10,40,1,50,49,8,3,49
169,71,0.4159,41,43,20,49,46,7,5,2,46,7,10,41,1,50,49,10,3,50
170,74,0.5355,41,43,20,48,46,7,5,2,46,7,10,40,1,50,49,9,3,49
171,73,0.5447,41,43,21,48,46,7,5,2,46,7,10,40,1,50,49,10,3,49
172,69,0.5168,41,43,20,48,46,7,5,2,46,7,10,40,1,50,49,11,3,50
173,68,0.4439,41,43,21,49,45,7,5,2,47,7,10,40,1,50,49,12,3,50
174,70,0.3788,41,43,20,49,45,7,5,2,47,7,10,40,1,50,48,10,3,50
175,68,0.3197,38,43,20,49,45,7,5,2,47,7,10,40,1,50,48,10,3,50
176,71,0.3601,40,44,20,49,45,7,5,2,47,7,10,41,1,50,46,10,3,49
177,64,0.3195,38,44,19,49,45,7,5,2,47,7,10,41,1,50,48,12,3,50
178,71,0.3675,40,44,20,49,45,7,5,2,44,8,10,40,1,49,45,10,3,49
179,71,0.3349,39,43,20,50,44,7,5,2,44,7,10,40,1,49,46,10,3,49
180,62,0.4192,40,44,17,50,44,7,5,2,44,7,9,43,1,49,45,13,3,49
181,70,0.4076,38,43,20,49,45,7,5,2,47,7,10,40,1,49,46,10,3,49
182,71,0.3171,41,44,21,46,46,7,5,2,44,8,11,39,1,49,46,10,3,49
183,69,0.2742,40,44,20,46,46,8,5,2,44,8,12,42,1,49,46,10,3,47
184,59,0.3458,41,43,18,50,46,6,4,2,44,8,12,41,1,48,46,10,3,49
185,72,0.552,39,45,22,47,44,7,4,2,46,7,9,39,1,49,45,9,3,49
186,79,0.7939,39,45,22,47,44,6,5,2,46,8,9,39,1,49,45,9,3,49
187,66,0.3831,37,45,22,47,44,8,4,2,46,8,11,39,1,47,44,9,3,47
188,92,0.5268,39,45,23,46,44,6,4,2,44,8,7,39,1,49,45,9,3,49
189,84,0.3624,39,45,24,46,43,6,4,2,44,8,7,39,1,47,45,9,3,49
190,82,0.4087,39,45,23,46,42,6,4,2,44,8,7,39,1,47,45,9,3,49
191,80,0.3753,39,45,24,46,42,6,4,2,44,8,7,39,1,47,44,9,3,49
192,78,0.4108,39,45,23,46,42,6,4,2,43,8,7,38,1,47,45,8,3,49
193,97,0.5902,39,45,23,46,42,6,3,2,43,6,7,38,1,47,44,8,3,49
194,86,0.5629,39,45,23,46,42,6,4,2,43,6,7,38,1,47,44,8,3,47
195,87,0.4674,39,45,24,46,42,6,3,2,43,6,7,38,1,47,44,8,3,45
196,57,0.2345,36,45,23,46,42,6,3,2,42,5,8,38,5,47,44,8,3,45
197,95,1.0188,39,45,24,46,42,5,3,2,43,6,7,38,1,46,43,8,3,47
198,84,0.6242,39,45,24,44,42,5,3,2,42,6,7,38,1,46,43,8,3,47
199,93,0.7786,39,45,24,44,42,5,3,2,43,6,7,38,1,47,43,8,3,46
200,87,0.581,37,45,24,42,42,6,3,2,42,5,7,38,1,47,43,8,3,46
201,87,0.5817,37,46,24,44,42,5,3,2,42,5,7,38,1,46,42,8,3,46
202,88,0.7161,36,45,24,42,42,5,3,2,42,5,7,37,1,46,43,8,3,45
203,69,0.5175,37,45,24,43,42,5,3,2,42,4,7,37,1,46,43,8,3,44
204,93,0.6365,37,46,24,42,42,5,3,2,42,6,7,38,1,46,42,8,3,45
205,80,0.4711,37,46,24,44,42,5,3,2,43,6,7,38,1,46,42,8,3,45
206,87,0.4939,37,46,25,41,41,5,3,2,43,6,7,38,1,46,42,8,3,44
207,92,0.7383,37,46,25,43,41,5,3,2,43,6,7,37,1,46,42,8,3,40
208,72,0.4175,36,46,24,41,41,6,3,2,43,6,7,38,1,46,42,8,3,44
209,86,0.5468,37,46,25,42,42,5,2,2,41,6,7,37,1,47,43,8,3,42
210,106,0.6991,37,46,25,42,39,5,2,2,41,6,5,37,1,46,42,7,3,41
211,101,0.9284,37,46,25,42,39,5,2,2,41,6,5,37,1,46,42,7,3,40
212,102,0.8107,37,46,25,41,39,5,2,2,41,4,5,37,1,46,42,7,3,40
213,87,0.6331,37,46,25,42,39,5,2,2,41,4,5,37,1,46,42,8,3,41
214,59,0.5179,35,24,25,41,39,5,2,2,41,4,5,37,1,45,43,7,3,41
215,92,0.6221,37,46,25,42,38,5,2,2,41,4,6,36,1,47,42,7,3,41
216,98,0.6878,35,46,25,42,39,5,2,2,41,4,6,36,1,45,40,7,3,40
217,57,0.4996,35,46,25,42,39,5,2,2,41,3,6,36,1,45,40,7,3,40
218,97,0.7637,37,46,25,39,38,5,2,2,42,4,5,37,1,46,41,7,3,39
219,84,0.5352,36,46,25,39,37,4,2,2,40,4,5,37,1,44,41,7,3,39
220,97,0.6162,37,47,26,41,38,5,2,2,42,4,5,37,1,44,42,7,3,41
221,107,1.1341,37,47,26,41,38,5,2,2,42,4,5,37,1,45,42,7,3,41
222,103,1.2061,37,47,26,41,38,5,2,2,41,4,5,36,1,44,42,7,3,41
223,93,0.7968,34,47,26,41,38,4,2,2,42,4,5,36,1,44,42,7,3,40
224,94,0.8786,36,47,26,41,38,4,2,2,42,4,5,36,1,44,42,7,3,40
225,26,0.3946,36,47,25,41,36,4,2,2,42,2,5,36,1,44,40,6,3,39
226,33,0.0912,34,47,26,39,38,46,1,2,40,4,6,36,1,43,41,7,3,40
227,74,0.5654,35,47,26,39,38,4,2,2,42,3,4,36,1,45,39,6,3,37
228,75,0.5584,37,47,26,41,36,3,1,2,42,4,5,37,1,43,42,7,3,40
229,71,0.5285,34,46,26,40,40,5,3,2,40,3,2,35,1,45,42,7,3,42
230,100,0.8402,38,47,24,42,37,4,2,2,41,5,6,36,1,44,41,6,3,39
231,110,1.1431,38,47,24,42,37,4,3,2,41,5,6,36,1,44,41,6,3,39
232,65,0.7868,38,47,23,43,37,3,2,2,41,5,6,36,1,44,40,6,3,39
233,91,0.9266,36,47,24,42,35,4,1,2,41,4,6,37,1,45,41,6,3,41
234,34,0.3985,35,47,26,42,35,4,1,2,41,2,4,36,1,43,39,6,3,41
235,87,0.7031,36,47,24,40,38,4,2,2,40,4,5,37,1,45,41,6,3,38
236,1,0.0417,38,46,25,43,38,3,1,2,42,1,6,35,1,44,43,7,3,40
237,68,0.6764,36,48,23,42,36,4,2,2,40,4,8,37,1,45,41,6,3,42
238,86,0.6848,38,47,26,41,39,3,3,2,42,5,6,35,1,43,38,7,3,38
239,86,0.6778,36,49,24,42,37,5,1,2,41,3,4,36,1,44,40,7,3,39
240,96,0.665,33,46,26,40,39,4,2,2,39,5,5,37,1,46,43,7,3,41
241,109,0.9295,33,46,26,40,39,4,2,2,39,5,5,37,1,46,43,7,3,41
242,108,1.0742,33,46,26,38,39,4,2,2,39,4,5,37,1,45,41,6,3,41
243,48,0.5382,34,47,28,37,39,4,1,2,40,4,5,36,1,44,41,28,3,41
244,56,0.6749,35,46,26,39,40,3,2,2,40,2,2,37,1,45,42,6,3,40
245,72,0.6096,33,48,25,38,38,4,2,2,39,3,5,36,1,46,40,6,3,43
246,78,0.4209,33,47,27,40,37,5,1,2,39,5,3,37,1,45,41,7,3,37
247,59,0.5103,34,46,26,41,40,3,3,2,41,3,4,35,1,46,42,5,3,41
248,95,0.7302,38,48,25,40,39,4,2,2,39,5,6,37,1,48,43,7,3,42
249,109,1.0065,38,49,26,40,39,4,2,2,41,4,6,36,1,48,41,6,3,42
250,81,0.7209,38,49,26,40,39,3,2,2,39,5,5,35,1,48,43,7,3,42
251,81,0.7715,38,49,27,39,40,4,2,2,39,3,3,36,1,48,43,5,3,39
252,96,0.9705,38,48,28,40,38,5,3,2,41,4,6,36,1,48,39,7,3,42
253,85,0.9825,38,48,28,38,37,4,3,2,43,5,4,38,1,48,39,6,3,43
254,29,0.3047,35,50,28,37,39,3,1,2,39,4,44,35,1,43,40,9,3,42
255,100,0.8961,32,48,26,40,38,5,3,2,40,6,5,37,1,44,41,7,3,40
256,24,0.3023,32,49,27,40,38,3,3,2,40,3,50,36,1,44,38,6,3,40
257,51,0.7503,33,48,26,39,37,4,1,2,41,2,5,37,1,48,40,5,3,37
258,104,0.7713,33,48,22,40,39,5,2,2,38,5,5,38,1,44,41,7,3,43
259,5,0.0688,31,49,28,40,39,16,2,2,38,5,4,38,1,4,41,7,3,43
260,101,0.8772,32,48,26,41,34,5,1,2,39,4,6,35,1,42,41,5,3,42
261,114,0.9141,32,48,22,40,34,5,23,2,37,6,6,35,1,43,39,5,3,42
262,1,0.0541,31,50,22,38,31,5,21,2,37,1,6,35,1,42,37,5,3,42
263,77,0.4937,33,48,28,40,36,6,16,2,37,4,3,33,1,43,39,5,3,42
264,36,0.1394,32,49,23,39,34,37,1,2,39,5,4,35,1,42,38,6,3,43
265,72,0.9859,33,48,27,41,34,3,1,2,38,3,5,34,1,43,41,5,3,39
266,37,0.1175,32,50,26,40,36,5,35,2,40,6,8,37,1,45,39,39,3,41
267,101,0.8192,34,48,22,36,39,6,3,2,38,4,5,36,1,44,40,6,3,41
268,52,0.314,34,49,22,36,39,6,26,2,38,2,2,33,1,42,40,6,3,41
269,34,0.4079,31,48,25,37,40,2,2,2,39,4,5,35,1,44,40,5,3,38
270,14,0.1463,34,48,25,38,37,4,1,5,37,3,6,36,1,43,41,33,5,42
271,92,0.4028,32,47,27,39,32,6,3,2,40,5,4,34,1,44,36,6,3,39
272,44,0.3535,35,50,23,41,38,3,2,2,39,5,6,37,4,45,39,7,3,40
273,84,0.5193,36,48,22,38,39,5,4,2,40,4,3,36,1,41,40,6,3,41
274,34,0.0748,38,8,26,40,35,41,24,2,39,3,5,35,1,45,41,5,3,43
275,98,0.6841,34,49,25,41,37,4,3,2,37,6,6,37,1,44,43,7,3,40
276,93,0.5607,33,49,25,39,40,6,3,2,37,6,6,38,1,46,43,6,3,41
277,43,0.4111,33,50,23,41,37,2,4,2,36,6,4,37,1,42,44,7,3,38
278,24,0.2171,1,48,27,40,36,4,1,2,38,5,6,38,1,43,41,5,3,42
279,43,0.4388,34,49,25,43,39,6,2,2,35,2,8,35,1,45,38,7,3,36
280,59,0.5151,31,47,22,36,38,5,4,3,38,5,6,39,1,44,44,9,3,39
281,42,0.5049,35,49,25,40,40,3,3,2,40,6,2,37,1,46,40,6,3,43
282,66,0.588,32,48,23,41,35,5,2,2,41,4,8,36,1,47,18,7,3,40
283,32,0.2568,38,20,13,38,37,4,3,2,40,2,4,37,1,43,39,5,3,42
284,38,0.368,37,47,28,39,40,2,1,2,41,4,5,34,1,45,43,9,3,41
285,80,0.3648,35,48,26,43,38,6,4,2,37,6,6,36,1,46,42,7,3,40
286,41,0.3439,30,47,24,41,33,4,2,2,39,5,37,39,1,41,41,5,3,39
287,87,0.6361,37,50,27,40,36,5,3,2,36,3,5,38,1,44,43,6,3,41
288,56,0.5808,33,46,25,43,39,3,1,2,38,5,3,35,1,48,41,8,3,44
289,74,0.3921,38,32,28,39,37,6,2,2,41,4,8,37,1,45,6,4,3,43
290,89,0.565,36,48,23,42,40,5,3,2,39,6,6,36,1,47,42,8,3,42
291,82,0.6992,40,47,26,41,38,4,4,2,40,3,4,34,1,43,39,6,3,40
292,69,0.7986,34,49,24,42,39,3,1,2,41,6,5,37,1,44,43,9,3,38
293,36,0.3642,35,46,22,34,38,6,2,2,38,2,6,38,1,46,15,7,3,41
294,59,0.2578,38,47,25,38,39,5,30,2,40,5,4,36,1,47,44,7,3,42
295,50,0.5708,37,49,27,40,37,2,3,2,41,4,8,38,1,45,37,4,3,39
296,24,0.2635,36,46,29,41,41,4,4,2,39,5,1,35,5,42,41,5,3,40
297,1,0.0312,33,28,26,37,35,5,1,2,42,1,5,39,1,46,40,8,3,41
298,26,0.2423,35,48,24,39,39,4,2,2,40,3,6,33,1,44,42,22,3,43
299,76,0.5835,32,48,22,43,36,6,4,2,37,6,3,37,1,48,40,6,3,37
300,49,0.4586,40,46,25,41,38,3,3,2,41,4,5,36,1,45,44,9,3,42
301,83,0.3097,37,47,27,40,40,6,2,2,39,6,4,32,1,47,35,7,3,39
302,98,0.9747,34,50,24,42,28,4,1,2,35,5,8,38,1,43,42,5,3,44
303,92,0.9825,31,50,23,44,32,5,1,2,36,4,8,39,1,40,41,4,3,44
304,97,0.6374,34,50,21,42,37,8,3,2,42,3,3,38,1,43,39,4,3,41
305,45,0.3514,33,50,9,42,33,8,1,1,42,39,2,35,1,41,38,5,3,40
306,100,1.1171,34,50,21,42,37,7,3,2,35,2,3,39,1,43,39,4,3,41
307,1,0.0347,34,50,21,43,37,6,2,2,34,1,1,39,1,42,40,4,3,41
308,1,0.0359,34,50,21,42,30,8,28,2,36,1,3,39,1,43,39,4,3,38
309,103,0.8906,32,49,21,42,36,7,4,2,37,2,2,38,1,43,42,5,3,40
310,46,0.1789,32,49,21,43,27,8,39,2,31,2,2,38,1,42,41,4,3,39
311,28,0.1855,35,50,22,42,34,7,4,2,34,2,3,39,1,43,38,25,3,40
312,58,0.4476,30,49,21,44,36,7,4,4,33,3,2,38,1,41,42,5,3,36
313,69,0.4715,34,49,22,42,35,7,1,2,35,3,1,37,1,43,40,5,3,38
314,66,0.6267,35,50,19,41,11,6,3,2,35,2,3,38,1,44,41,4,3,34
315,84,0.5878,32,49,23,43,23,8,1,2,37,3,4,35,1,42,42,5,3,40
316,1,0.0438,33,50,21,42,36,6,19,2,37,1,4,39,1,44,37,6,3,43
317,26,0.3002,35,49,18,41,37,3,3,2,25,3,3,41,1,43,33,5,3,41
318,55,0.4332,31,48,23,44,29,7,4,2,37,2,5,37,1,41,39,4,3,39
319,18,0.2821,36,47,22,43,37,2,2,2,38,4,8,34,1,44,40,6,3,43
320,109,1.1103,34,49,24,41,36,5,3,2,36,4,4,36,1,42,41,6,3,41
321,60,0.2413,34,48,24,41,35,4,44,2,35,5,5,36,1,45,41,6,3,40
322,96,0.6214,32,49,24,39,34,5,23,2,36,4,4,35,1,42,42,6,3,44
323,86,0.6811,33,47,25,35,36,3,1,2,35,5,6,36,1,40,42,6,3,42
324,118,0.7393,36,48,23,38,38,5,2,2,36,6,6,34,1,43,41,5,3,38
325,44,0.1783,36,13,23,38,35,6,4,2,36,6,7,34,1,42,41,5,3,37
326,35,0.1003,35,22,23,37,38,22,13,2,35,6,6,33,1,40,40,5,3,39
327,70,0.577,36,48,24,39,36,4,2,2,36,7,4,35,1,43,41,4,3,38
328,32,0.3797,34,49,22,40,40,2,3,2,38,5,6,34,1,45,42,6,3,40
329,121,0.7211,32,48,23,38,38,5,15,2,38,7,8,36,1,44,44,3,3,39
330,42,0.1811,30,48,23,38,37,18,14,2,36,7,9,36,1,41,44,3,3,42
331,53,0.2427,32,49,23,35,41,6,20,2,37,6,8,35,4,43,44,3,3,40
332,134,1.3784,31,50,24,36,33,4,4,2,38,6,8,33,1,44,43,4,3,38
333,155,2.2558,31,50,24,36,31,3,4,2,38,7,9,33,1,44,43,3,3,37
334,159,1.8408,30,50,22,36,33,3,4,2,38,8,9,33,1,44,43,3,3,37
335,88,0.9477,29,50,22,36,31,2,15,2,38,9,8,32,1,44,43,3,3,35
336,7,0.1579,31,50,3,33,33,3,4,3,38,7,9,31,1,13,40,4,3,37
337,65,0.767,29,49,22,36,32,2,5,2,38,7,9,33,1,42,43,3,3,36
338,119,1.4382,31,48,21,35,34,3,4,2,39,8,7,32,1,44,41,3,3,35
339,108,1.4949,29,50,19,34,33,3,4,2,39,7,7,32,1,44,44,3,3,35
340,1,0.0367,30,48,16,35,33,2,5,2,1,8,9,32,1,44,44,3,3,33
341,104,1.1431,30,49,22,35,32,3,4,2,39,9,7,31,1,45,43,3,3,37
342,28,0.3922,29,49,18,33,33,1,5,2,38,9,7,31,1,45,44,3,3,36
343,159,2.2253,30,50,21,35,32,3,16,2,39,9,9,32,1,44,43,3,3,35
344,56,0.7853,30,50,19,34,30,2,12,2,39,10,9,32,1,45,45,3,3,34
345,119,1.3608,30,50,19,36,32,3,16,2,39,9,8,31,1,42,43,3,3,35
346,80,1.382,30,50,18,35,32,1,18,1,39,10,9,31,3,42,44,3,3,36
347,170,1.8213,28,50,19,34,33,3,15,2,37,8,8,32,1,41,43,2,3,35
348,89,1.0753,28,50,16,34,31,2,15,2,37,9,8,32,1,38,43,2,3,35
349,173,1.8649,29,50,19,31,32,3,18,2,38,9,9,30,1,41,21,2,3,34
350,155,2.116,27,50,17,33,31,3,16,2,37,9,9,30,1,41,25,2,3,33
351,44,0.6872,27,50,19,32,31,1,15,2,37,9,9,31,1,41,21,2,3,33
352,144,1.8768,27,50,17,32,32,3,17,2,37,11,9,32,1,40,45,2,3,35
353,132,1.9222,28,50,17,31,32,3,17,3,38,11,9,30,1,39,22,2,3,35
354,158,1.9238,27,50,17,31,32,2,17,3,36,11,9,30,1,40,24,1,3,35
355,81,1.005,27,50,15,31,30,2,17,3,29,12,9,30,1,39,23,1,1,33
356,54,1.0971,27,50,17,33,33,1,17,3,36,11,11,30,1,40,20,1,3,35
357,73,0.9969,28,50,17,31,31,2,16,3,38,11,9,32,1,40,26,2,3,35
358,133,1.4631,28,50,17,32,32,3,16,3,37,10,9,29,1,38,24,2,3,35
359,62,0.8164,29,50,15,30,32,2,17,3,36,10,9,30,1,38,24,2,3,30
360,190,2.1611,26,50,17,32,29,3,18,3,37,11,9,29,1,38,22,1,3,34
361,110,1.5362,26,50,17,32,32,3,16,3,37,11,10,29,1,37,22,1,3,34
362,86,1.5735,26,50,17,32,29,3,16,3,37,11,11,28,1,37,22,1,3,34
363,146,1.7854,26,50,16,32,32,1,19,3,36,13,9,29,1,38,21,1,3,32
364,91,1.2222,26,50,16,29,29,1,19,3,36,13,9,29,1,38,23,1,3,31
365,44,0.7386,27,50,15,32,31,1,18,3,34,10,10,29,1,38,21,1,3,34
366,38,0.4789,26,49,17,31,32,2,16,3,33,11,11,30,1,36,26,2,3,33
367,139,1.6788,25,50,14,31,32,2,18,3,37,12,9,29,1,39,22,1,3,32
368,89,1.4889,28,50,13,30,31,1,18,3,36,13,9,28,1,39,22,1,3,32
369,7,0.1623,26,49,14,32,33,2,20,3,37,12,10,29,1,37,24,50,3,31
370,88,1.215,25,50,18,31,30,2,14,3,37,11,9,30,1,39,21,2,3,32
371,178,1.8498,25,49,17,33,32,3,18,3,36,12,8,28,1,40,23,1,3,34
372,93,1.1694,25,50,16,33,32,1,17,3,34,12,8,29,1,40,25,1,3,34
373,74,0.9459,28,49,14,32,31,3,19,3,37,14,10,28,1,39,20,2,3,33
374,74,1.5132,27,50,18,34,32,3,17,3,35,10,12,31,1,38,23,1,3,35
375,93,1.4435,27,49,16,33,34,2,16,3,36,13,8,28,1,37,19,2,3,36
376,39,0.234,25,50,17,30,33,50,15,3,37,11,9,31,1,40,22,1,3,34
377,20,0.2696,24,49,15,29,31,1,18,3,38,12,8,30,1,39,25,2,3,35
378,80,1.059,29,50,18,32,32,3,21,3,35,9,11,31,1,40,23,2,3,33
379,111,1.4602,28,49,19,34,30,3,19,3,38,10,10,29,1,38,28,1,3,36
380,90,1.2648,28,49,17,33,30,2,18,3,37,10,10,29,1,37,27,1,3,35
381,49,0.4376,28,16,19,34,29,3,19,3,38,10,10,30,1,36,23,3,3,36
382,40,0.7091,27,50,16,31,28,1,14,3,36,12,9,28,1,38,24,2,3,34
383,117,1.7759,29,49,18,35,33,3,16,3,33,9,11,29,1,40,22,1,3,32
384,88,1.0427,29,35,17,36,33,2,16,3,36,10,11,26,1,40,21,1,3,32
385,56,0.8014,26,50,18,35,34,3,17,3,34,9,12,29,1,39,22,2,3,30
386,184,1.7276,29,49,19,34,30,2,20,3,32,11,10,31,5,41,29,1,3,36
387,61,0.6358,29,49,19,35,29,1,22,3,32,9,8,32,4,41,29,3,3,36
388,151,1.6668,29,49,18,34,30,2,19,3,33,13,9,31,3,40,20,1,3,31
389,147,1.9939,30,49,18,34,30,2,20,3,34,14,9,31,4,39,20,1,3,31
390,93,1.2917,29,49,18,34,31,1,20,3,32,14,9,31,5,40,17,2,3,28
391,100,1.1321,30,49,16,33,30,2,20,3,30,13,8,33,4,39,20,1,3,32
392,76,0.9445,29,50,19,35,33,2,18,3,34,12,9,33,5,41,19,3,4,33
393,90,1.0748,30,50,17,36,28,1,21,3,31,11,11,30,4,41,20,2,3,31
394,131,1.7084,27,49,18,33,31,2,17,3,33,14,8,31,5,40,24,1,3,31
395,178,2.832,27,49,18,33,30,1,17,3,32,12,8,32,5,40,24,1,3,29
396,64,0.7653,25,50,14,33,30,1,17,3,32,14,8,32,5,39,25,2,3,30
397,138,1.5212,27,49,15,31,31,1,18,3,33,15,9,32,5,40,24,1,3,30
398,57,0.7147,27,49,15,28,29,1,19,3,32,14,13,31,5,40,24,1,3,29
399,75,0.8085,27,50,13,31,31,1,18,3,30,13,10,32,5,39,24,1,3,28
400,87,1.3873,28,49,16,30,31,2,17,3,33,15,8,31,5,40,25,2,3,32
401,70,0.8701,25,50,19,32,32,1,15,3,32,16,9,32,5,41,19,3,3,31
402,122,1.4246,23,49,15,34,27,2,19,3,31,15,9,31,5,38,26,1,3,30
403,136,1.3287,23,48,17,33,26,2,20,3,33,14,9,30,5,38,27,1,2,31
404,155,1.4943,23,25,15,33,26,2,19,3,31,15,10,30,5,38,26,1,2,29
405,158,1.8185,23,49,15,33,26,2,20,3,31,15,10,30,5,38,27,1,2,29
406,54,0.9667,23,25,11,33,24,1,20,3,31,15,12,30,5,38,26,1,2,28
407,124,1.5604,23,49,15,32,25,1,21,3,33,14,10,30,5,36,24,1,2,27
408,145,1.8698,24,27,14,31,27,2,18,3,30,18,11,27,5,38,27,1,2,30
409,141,1.6917,24,28,16,30,26,2,20,3,30,17,11,27,5,37,28,2,2,29
410,84,0.9659,24,27,12,29,26,2,20,3,28,15,11,26,5,36,27,2,2,29
411,52,0.8243,21,27,14,30,27,1,21,3,30,19,13,27,5,37,28,1,2,29
412,14,0.2334,24,26,14,31,26,2,19,3,29,19,12,28,5,39,29,36,2,30
413,92,1.2304,24,24,13,32,27,1,22,3,30,17,10,27,5,38,27,2,2,31
414,39,0.2388,22,25,16,33,25,29,18,3,32,18,10,28,5,37,28,1,2,26
415,141,1.5537,23,26,15,30,28,2,19,3,29,17,11,26,5,38,30,2,2,29
416,144,1.6294,23,31,15,28,26,2,20,3,29,17,11,26,5,39,29,1,2,29
417,159,1.675,23,29,15,29,26,2,19,3,27,17,12,25,5,39,30,1,2,29
418,132,1.93,23,28,14,28,28,1,19,3,28,17,11,25,5,39,31,1,2,29
419,122,1.5759,21,30,15,28,24,2,19,3,27,16,12,26,5,36,30,2,2,26
420,36,0.4402,24,28,12,29,27,1,22,3,30,16,13,25,5,39,31,2,2,28
421,169,1.6783,25,29,15,29,24,2,18,3,28,18,11,24,5,40,29,1,2,29
422,89,1.2246,25,30,15,27,22,2,18,3,28,21,14,24,5,40,30,1,2,27
423,48,0.6562,22,27,13,29,25,1,20,3,26,18,13,25,5,37,29,1,2,29
424,129,1.5136,25,29,14,30,28,2,18,3,29,18,11,27,5,38,30,2,2,30
425,30,0.1532,23,26,16,30,28,31,21,4,29,17,12,27,5,39,32,2,2,28
426,151,2.0474,26,29,15,31,26,2,19,3,31,18,12,23,5,40,29,1,2,30
427,91,0.9769,24,32,16,29,23,2,20,3,27,20,11,24,5,38,28,3,2,29
428,157,2.431,25,29,14,31,25,2,19,3,31,19,12,23,5,41,27,1,2,27
429,129,1.2647,22,29,16,30,26,3,19,3,28,19,13,22,5,41,28,1,2,28
430,48,0.3174,26,31,15,28,27,25,20,3,31,18,14,23,5,40,30,2,2,24
431,93,1.2751,24,29,13,31,25,3,23,3,30,20,12,23,5,41,27,3,2,27
432,66,0.7751,26,28,11,32,26,2,19,3,29,17,13,26,5,37,29,2,2,30
433,143,1.588,23,26,16,27,24,1,22,3,31,17,11,22,5,41,29,1,2,29
434,33,0.238,20,31,17,27,24,45,22,3,31,16,12,23,5,41,29,1,2,25
435,148,1.8051,26,29,16,34,24,1,21,3,25,16,11,22,5,41,26,1,2,27
436,183,2.4095,26,30,18,34,23,1,21,3,26,19,11,22,5,40,26,1,2,28
437,10,0.2201,26,31,18,34,23,1,21,3,23,20,10,24,3,40,26,31,2,28
438,123,1.153,26,30,18,34,21,3,17,3,24,19,12,22,5,40,27,1,2,27
439,102,1.1428,25,29,17,34,23,1,18,3,25,13,10,21,5,41,26,3,2,26
440,131,1.1865,26,30,14,33,24,3,21,3,26,22,10,21,5,41,25,1,2,27
441,39,0.6199,27,33,18,33,25,1,18,3,26,18,14,23,5,39,27,3,2,31
442,148,1.855,25,29,19,32,21,2,19,3,24,16,12,24,5,39,27,1,2,33
443,12,0.1409,25,24,19,34,20,3,19,3,24,16,12,24,3,9,26,2,2,33
444,42,0.8076,26,29,20,32,23,2,18,3,25,13,33,24,5,40,18,3,2,33
445,5,0.0919,3,28,19,32,21,1,17,3,22,15,13,21,5,40,26,41,2,34
446,125,1.2416,25,30,17,35,22,3,17,3,27,15,10,23,5,41,21,1,2,31
447,21,0.0745,27,27,18,33,19,33,21,3,26,19,40,22,5,39,27,15,2,32
448,47,0.3659,26,29,16,32,29,3,19,3,24,16,11,25,5,41,25,19,2,27
449,53,0.8673,28,27,18,34,29,1,25,3,23,13,15,24,5,39,25,2,2,30
450,37,0.2679,25,5,20,31,25,2,20,3,32,12,10,22,5,40,28,1,1,33
451,105,1.0549,27,29,17,34,22,1,19,3,27,18,12,30,5,41,18,3,2,28
452,132,1.3048,25,28,19,33,30,3,17,3,31,12,10,28,4,38,10,2,2,25
453,146,2.044,28,29,14,35,29,2,18,3,34,15,11,31,5,39,23,1,2,34
454,102,1.1963,28,31,12,36,29,2,18,3,32,15,12,31,5,38,23,1,2,32
455,57,0.7499,29,23,13,35,27,1,20,3,25,21,14,30,5,39,21,1,2,34
456,75,0.7723,26,30,14,35,24,2,21,3,34,16,11,25,5,37,20,3,2,31
457,123,1.2482,28,29,15,34,29,2,19,3,32,19,11,23,5,35,23,1,2,30
458,109,1.1483,24,27,14,33,30,3,23,3,28,13,12,20,5,40,26,3,2,33
459,44,0.9051,24,32,16,34,17,1,18,3,34,15,13,31,5,39,25,1,2,26
460,127,1.383,27,28,20,31,25,3,15,3,31,17,10,33,5,41,23,2,2,34
461,24,0.1719,26,29,12,36,28,40,19,3,23,18,11,28,5,42,27,1,2,28
462,65,0.8294,29,30,15,33,27,1,18,3,33,14,10,30,5,39,28,3,2,32
463,136,1.7713,24,25,18,32,30,2,20,3,27,16,13,29,4,40,27,2,2,30
464,26,0.2135,25,18,16,35,24,3,13,3,30,14,12,32,5,36,21,44,4,37
465,60,0.5679,29,11,14,33,26,1,22,3,32,16,10,22,5,38,25,1,2,31
466,149,1.6434,28,27,19,31,30,2,16,3,34,14,11,25,5,41,19,2,2,27
467,6,0.0582,28,1,19,35,30,2,16,3,34,13,9,24,3,41,19,3,1,27
468,114,1.3346,30,31,20,32,22,3,17,3,33,15,9,25,5,41,18,2,2,27
469,24,0.1109,27,29,18,36,29,20,14,3,21,12,11,33,5,42,20,3,2,25
470,132,1.4356,28,28,17,34,19,1,16,3,35,14,10,24,5,42,23,2,2,33
471,120,1.447,27,30,19,32,30,3,20,3,24,14,14,31,5,40,19,2,2,36
472,146,1.5272,26,28,17,34,21,2,19,3,35,13,9,30,5,41,16,1,2,34
473,122,1.1048,30,27,20,31,31,3,21,5,25,12,12,32,5,40,22,3,2,29
474,140,1.9099,29,33,18,33,30,1,16,3,33,15,10,23,5,39,21,2,2,28
475,46,0.3196,28,8,16,35,24,2,17,4,34,14,13,21,5,42,33,1,5,33
476,111,1.586,26,26,20,37,6,3,24,3,35,13,8,25,5,40,24,3,2,26
477,2,0.0672,27,30,18,30,31,1,15,3,34,16,11,31,4,2,20,1,2,34
478,13,0.234,28,29,16,33,28,2,19,3,26,11,9,33,5,18,25,29,2,28
479,133,1.133,30,25,19,32,23,3,18,3,31,15,10,30,5,41,26,2,2,36
480,129,1.3438,26,32,17,31,29,2,21,3,34,12,8,31,5,39,23,1,2,32
481,130,1.3228,21,22,15,34,25,4,20,3,32,13,12,22,5,42,17,3,2,36
482,140,1.8897,29,28,19,36,30,1,18,3,33,17,9,29,5,39,21,2,2,27
483,86,0.886,25,27,17,33,31,2,17,3,24,11,15,32,5,40,31,1,2,30
484,110,0.8387,27,30,16,31,28,4,19,3,35,16,11,24,5,37,19,3,2,35
485,103,1.1144,28,29,13,25,20,3,16,3,28,10,10,29,5,41,28,2,2,29
486,106,1.3438,25,24,18,35,31,1,20,3,26,22,13,23,3,42,24,1,4,34
487,80,1.1232,22,31,19,30,22,2,18,3,32,20,11,33,5,38,22,4,2,31
488,122,1.8092,29,29,15,34,33,3,14,3,34,15,8,31,5,39,26,2,2,37
489,71,0.5668,30,28,17,32,26,4,19,3,31,24,8,28,4,40,25,1,2,32
490,124,1.5776,26,30,20,33,29,1,15,3,35,14,9,30,5,42,20,3,2,28
491,104,1.5005,31,26,16,37,32,2,22,1,25,12,10,8,5,41,6,1,2,23
492,107,1.4609,27,14,18,29,23,3,17,3,33,18,12,25,5,40,29,3,2,33
493,81,1.4137,25,28,15,32,25,1,21,4,33,10,11,2,5,38,23,4,2,35
494,112,1.4378,28,27,13,36,30,4,20,3,32,14,9,32,4,36,24,2,2,31
495,64,0.689,29,31,17,34,31,3,19,3,35,16,30,19,5,39,22,1,2,29
496,113,1.1925,24,37,20,31,28,1,16,3,34,11,10,26,5,41,27,2,2,34
497,13,0.1546,26,26,11,35,32,2,28,3,27,15,8,30,5,37,26,48,2,32
498,143,1.2553,27,23,16,33,29,4,23,3,30,19,14,22,5,40,30,3,4,29
499,36,0.2275,25,29,18,35,24,36,18,3,35,13,11,29,5,42,28,1,2,27
500,33,0.1757,30,30,14,32,27,48,17,3,31,8,9,33,5,38,32,2,2,26
501,88,1.3585,22,28,19,30,33,2,20,3,29,17,12,32,5,39,21,4,2,36
502,118,1.6404,27,27,15,34,30,3,18,3,36,9,13,23,5,41,18,1,1,33
503,125,1.4357,29,29,17,29,31,1,22,3,31,44,10,31,5,39,12,2,2,30
504,46,0.4786,28,30,18,31,34,3,19,3,25,11,9,31,3,40,25,34,2,35
505,79,0.8502,24,32,20,33,26,2,13,3,22,13,8,24,5,42,20,3,2,28
506,89,1.0055,26,34,16,32,32,4,17,3,23,20,11,28,5,38,24,1,2,37
507,92,1.396,23,25,14,34,28,1,21,3,32,16,10,30,4,40,23,2,2,31
508,81,0.8825,25,28,19,37,23,2,15,3,33,14,12,33,5,35,27,1,2,34
509,62,0.5754,30,48,17,35,25,3,16,3,27,12,8,29,5,37,28,3,2,24
510,27,0.4868,31,49,15,33,30,1,19,3,34,17,10,20,5,41,25,4,2,25
511,31,0.3983,23,48,13,30,2,4,20,3,28,10,9,21,5,39,22,2,2,33
512,188,1.9973,27,50,19,32,31,2,18,3,35,8,11,26,5,42,26,1,4,32
513,50,0.2101,27,50,20,32,33,16,17,3,36,9,8,26,3,42,26,2,2,31
514,49,0.2792,26,50,19,31,31,23,18,3,36,9,14,25,5,41,27,1,4,32
515,43,0.6323,24,49,18,29,32,3,19,3,26,8,45,27,5,42,29,3,4,30
516,105,1.1357,26,48,21,31,22,4,21,3,30,10,10,26,5,42,26,1,5,28
517,64,0.551,28,49,19,33,32,2,16,3,35,11,12,24,5,41,19,4,4,29
518,58,0.6791,25,50,17,32,34,1,20,3,36,8,7,27,5,41,1,2,5,30
519,126,1.3154,27,49,18,31,31,3,22,3,32,8,9,23,5,40,28,1,5,32
520,81,0.724,29,50,20,33,14,2,19,3,24,18,11,28,5,42,26,3,2,26
521,76,0.9057,26,48,16,34,33,1,17,3,35,9,9,25,5,40,30,2,1,27
522,143,1.213,24,49,17,32,30,4,18,3,33,21,12,28,4,41,3,1,4,36
523,61,0.837,31,50,18,30,27,2,20,3,31,12,10,25,5,40,27,3,2,29
524,27,0.0691,28,18,21,34,24,27,15,1,36,10,13,22,5,42,21,17,2,31
525,70,0.881,27,49,19,33,21,3,32,3,28,13,35,29,5,43,25,2,2,33
526,180,1.9189,25,48,16,36,31,1,18,3,34,28,8,24,5,38,28,1,2,28
527,24,0.1883,21,3,19,36,29,3,17,3,32,18,7,24,5,40,29,3,2,28
528,49,0.6087,23,26,20,37,30,2,18,3,34,27,7,24,5,38,29,4,2,27
529,42,0.4616,22,48,18,36,25,4,16,3,33,32,8,22,5,41,28,2,2,28
530,261,3.1244,25,48,17,35,31,1,24,3,26,30,11,23,5,42,27,1,2,26
531,226,2.9172,25,24,16,35,31,1,26,3,29,30,13,23,5,43,27,1,2,24
532,203,2.3117,24,24,15,36,31,1,26,3,28,29,13,23,5,43,28,2,2,24
533,117,1.7785,24,25,15,36,31,1,25,3,28,30,15,23,5,42,31,3,2,24
534,128,1.7565,23,21,15,36,31,1,24,3,29,29,14,23,5,43,30,4,2,22
535,181,2.1335,24,23,16,35,33,1,26,3,29,30,13,23,5,43,28,2,2,24
536,123,1.6888,23,22,16,36,34,1,26,4,29,30,16,21,5,43,28,2,2,22
537,125,1.3305,24,21,15,37,33,1,27,3,29,28,14,23,5,43,28,4,2,23
538,166,2.0491,22,23,16,37,33,1,27,3,27,31,15,22,5,42,29,3,4,24
539,103,1.2853,21,23,16,37,34,1,28,3,29,31,13,20,5,43,27,4,2,25
540,146,1.6385,22,23,16,37,33,1,26,3,27,28,15,21,5,43,29,3,2,23
541,178,2.1521,22,22,17,35,32,1,27,3,27,31,14,22,5,43,27,3,4,22
542,148,1.7117,22,20,17,36,32,1,27,3,27,31,14,21,5,43,27,4,4,22
543,13,0.2693,20,23,14,37,33,1,29,3,28,29,14,22,5,43,28,23,4,20
544,107,1.1005,22,22,17,35,34,3,27,3,27,34,15,22,5,43,28,3,4,23
545,127,1.7721,23,23,15,35,32,1,26,3,28,30,15,23,5,42,30,4,4,24
546,87,0.8956,20,24,17,36,32,2,29,3,27,31,13,21,5,42,26,3,4,24
547,112,1.0199,19,21,16,35,33,3,27,3,26,32,15,24,5,43,27,2,4,22
548,88,1.6382,22,20,14,37,32,1,25,4,27,33,16,22,5,42,29,3,4,21
549,131,1.5214,23,24,16,35,34,2,24,3,28,29,14,19,5,44,25,2,1,24
550,49,0.4788,21,24,13,36,31,4,25,3,26,30,13,20,5,43,26,21,2,25
551,196,2.1897,24,22,17,36,33,1,26,5,29,29,13,23,5,42,28,2,4,23
552,12,0.1537,9,21,17,37,32,1,26,4,28,28,16,23,5,42,32,39,4,23
553,125,1.2065,24,22,17,36,34,1,26,5,29,27,13,22,5,42,30,4,4,25
554,44,0.2292,25,22,17,35,33,3,28,1,28,30,13,24,5,43,27,3,4,21
555,193,2.277,24,19,16,37,33,1,29,3,27,29,14,23,5,43,28,2,4,20
556,160,2.099,24,21,15,37,35,1,27,5,27,29,14,23,5,43,29,4,4,21
557,118,1.1828,24,19,15,37,35,1,29,5,26,28,14,23,5,43,29,4,4,19
558,218,2.6194,24,19,16,38,34,1,28,5,27,29,14,21,5,43,30,2,4,22
559,116,1.6387,23,19,16,38,35,1,28,5,27,27,17,20,5,43,31,3,4,20
560,13,0.1982,24,22,16,38,35,1,31,5,26,29,16,21,5,44,29,27,4,20
561,155,2.0806,21,17,15,38,34,1,30,5,27,31,15,24,5,43,30,4,4,21
562,56,0.5922,22,20,17,37,34,1,27,5,28,30,16,25,5,42,31,14,4,17
563,38,0.1709,24,19,16,37,33,14,27,5,26,29,14,21,5,44,34,2,4,23
564,17,0.2302,23,20,18,37,34,1,25,5,27,26,15,22,5,15,31,3,4,22
565,165,1.9166,24,21,16,36,35,1,29,5,29,32,14,19,5,42,28,2,4,19
566,125,1.5005,24,22,17,38,33,1,28,5,28,31,17,17,5,42,29,4,4,20
567,172,2.5262,25,19,18,36,34,1,29,5,26,33,15,18,5,43,30,3,4,21
568,150,1.5837,25,17,18,36,35,1,29,5,26,34,15,18,5,44,29,4,4,19
569,134,1.4689,24,19,18,37,35,1,29,5,25,33,14,18,5,43,30,4,4,22
570,162,1.9249,25,18,16,36,35,1,29,5,27,32,16,16,5,43,31,3,4,17
571,168,2.0472,25,18,17,37,35,1,31,5,29,35,18,15,5,44,32,3,4,18
572,143,1.8636,25,18,16,38,35,1,31,5,29,33,16,17,5,43,32,4,4,17
573,166,1.7958,24,18,17,37,35,1,33,5,29,36,17,15,5,44,31,3,4,16
574,113,1.315,25,17,17,38,35,1,29,5,28,32,18,15,5,43,32,3,4,15
575,31,0.376,24,19,6,37,35,1,33,5,29,37,16,15,5,44,31,3,4,18
576,114,1.2862,25,16,16,36,34,1,32,5,27,38,17,14,5,42,34,4,4,18
577,170,2.8778,25,18,17,37,35,1,30,5,29,36,17,17,5,43,33,3,4,19
578,88,1.0475,25,17,18,36,35,1,30,5,29,34,19,16,5,42,33,2,4,16
579,122,1.2697,25,18,17,38,34,2,31,5,29,36,16,15,5,45,32,3,4,17
580,137,1.621,24,16,18,37,34,1,34,5,28,35,17,16,5,42,31,2,4,18
581,137,1.426,25,19,17,36,35,2,32,5,30,35,16,17,5,44,32,2,4,19
582,102,0.9752,23,18,16,35,33,1,35,5,29,37,18,14,5,43,33,3,4,15
583,112,1.3179,22,15,18,38,36,2,30,5,26,36,17,13,5,43,31,2,4,19
584,142,1.9304,25,18,17,36,34,1,30,5,30,32,18,16,5,44,30,4,4,19
585,78,1.0666,25,17,9,37,35,2,29,5,28,33,17,18,5,42,30,2,4,21
586,131,1.3365,24,20,16,35,33,2,28,5,25,31,15,19,5,42,28,3,4,16
587,151,2.4964,26,20,18,37,34,1,26,5,28,35,16,13,5,45,31,2,4,17
588,172,2.2125,23,19,17,38,33,1,30,5,27,32,15,18,5,43,28,3,4,20
589,29,0.1318,22,21,17,39,33,19,32,5,29,30,15,19,5,42,28,4,4,20
590,134,1.4243,23,19,18,37,33,2,30,5,26,28,15,18,5,43,28,2,4,20
591,204,2.3735,21,20,17,38,32,1,31,5,28,31,14,17,5,44,35,2,4,22
592,140,1.668,21,20,19,38,32,2,31,5,27,30,15,17,5,45,33,2,4,23
593,118,1.3735,22,19,18,38,32,2,33,5,26,25,14,15,5,44,35,3,4,21
594,140,1.4889,20,18,17,39,32,1,34,5,28,31,18,11,5,44,34,4,4,23
595,70,0.4518,20,19,19,23,33,2,31,5,25,37,14,14,5,45,35,2,4,24
596,105,1.2583,18,16,17,38,31,1,27,5,30,29,15,18,5,44,32,1,4,22
597,25,0.1257,21,20,18,37,33,43,25,5,27,27,17,17,5,43,29,3,4,22
598,199,2.3075,15,23,16,35,31,2,31,5,28,30,13,16,5,45,30,1,4,24
599,142,1.2232,13,23,16,35,31,3,31,5,28,30,13,17,5,45,30,1,4,24
600,244,2.4392,18,24,15,35,32,2,28,5,27,29,13,18,5,45,29,1,4,21
601,39,0.4312,17,24,1,35,31,3,30,5,25,28,13,16,5,45,28,1,4,21
602,150,1.3014,17,23,14,35,31,3,28,5,26,26,13,18,5,45,34,1,4,21
603,197,2.1267,16,21,15,35,32,2,30,5,28,29,14,17,5,46,36,1,4,20
604,141,1.2772,16,21,15,35,32,3,28,5,27,28,14,17,5,46,28,1,4,22
605,195,1.9401,14,22,14,35,32,2,30,5,28,29,13,19,5,46,28,1,4,20
606,18,0.1783,14,22,13,34,31,3,28,5,26,41,13,19,5,46,28,46,4,21
607,220,1.963,12,21,14,35,32,2,30,5,28,29,14,18,5,47,27,1,4,20
608,226,2.6319,15,21,12,34,32,2,30,5,27,29,14,19,5,45,27,1,4,20
609,207,2.1434,15,21,11,35,31,2,30,5,25,29,14,19,5,46,27,1,4,20
610,189,2.1121,11,21,10,35,30,2,32,5,24,29,14,19,5,47,36,1,4,20
611,97,0.6252,11,22,9,35,30,4,32,5,24,29,13,19,5,47,37,1,4,20
612,145,1.4524,15,21,10,34,30,3,31,5,23,29,14,20,5,47,36,1,4,20
613,156,1.7566,15,22,13,34,31,3,30,5,24,28,13,20,5,47,27,1,4,22
614,214,1.9311,14,23,10,35,31,2,32,5,25,27,14,20,5,48,35,1,4,23
615,171,1.7376,12,23,8,35,30,2,31,5,25,27,14,20,5,48,36,1,4,23
616,201,1.8675,14,24,10,35,31,2,32,5,25,29,14,20,5,47,36,1,4,23
617,86,0.6927,14,24,11,34,29,4,33,5,23,27,13,19,5,48,36,1,4,23
618,210,2.157,12,21,10,35,30,2,32,5,21,28,14,19,5,48,36,1,4,20
619,155,1.2537,12,21,10,35,31,3,32,5,25,28,14,19,5,49,35,1,4,20
620,26,0.1694,16,24,10,35,30,34,34,5,24,26,13,20,5,47,37,1,4,21
621,77,0.4131,13,22,8,35,31,4,32,5,18,29,14,19,5,48,37,1,4,19
622,192,1.7477,15,21,11,36,29,2,33,5,19,29,13,18,5,48,36,1,4,21
623,172,1.241,11,23,11,36,29,2,35,5,20,30,13,18,5,49,36,1,4,22
624,183,2.2705,14,21,9,36,30,2,34,5,19,28,14,20,5,48,35,1,4,21
625,134,1.1779,14,21,8,35,29,2,34,5,19,29,14,20,5,49,35,1,4,20
626,66,0.4453,16,21,10,36,30,3,36,5,22,29,15,20,5,48,35,1,4,21
627,110,0.7737,15,23,9,35,29,4,33,5,19,27,13,18,5,47,36,2,4,24
628,148,1.7199,14,21,11,36,29,2,33,5,23,30,14,19,5,47,37,2,4,22
629,143,1.4104,12,22,7,34,31,2,32,5,21,25,13,19,5,48,36,1,4,21
630,163,1.707,13,20,9,36,30,3,32,5,19,28,15,20,5,50,36,2,4,23
631,211,2.084,10,24,11,35,30,2,31,5,20,29,14,17,5,47,34,1,4,19
632,16,0.1039,10,24,10,34,29,39,31,5,21,28,15,17,5,49,35,31,4,19
633,65,0.3458,15,20,12,34,30,4,31,5,18,26,14,18,5,47,34,1,4,19
634,92,0.5474,15,21,10,35,30,3,34,5,19,29,13,17,5,48,35,1,4,20
635,216,2.1647,8,22,11,36,28,2,32,5,17,28,14,16,5,47,34,1,4,20
636,118,0.9914,8,24,12,36,28,4,32,5,20,30,13,17,5,46,37,2,4,18
637,133,1.0862,10,22,11,35,28,3,30,5,16,27,15,16,5,46,34,1,4,20
638,134,1.2685,8,23,11,34,29,2,30,5,17,29,15,18,5,47,37,2,4,18
639,209,1.9417,9,24,12,36,31,2,32,5,21,30,14,16,5,46,35,1,4,19
640,95,0.644,10,25,12,36,31,4,33,5,21,30,16,18,5,46,36,2,4,19
641,17,0.138,7,24,11,36,31,18,32,5,15,29,14,16,5,47,34,1,4,18
642,141,1.1487,13,22,12,36,29,3,31,5,20,28,14,16,5,46,35,1,4,20
643,142,1.5009,12,23,10,35,30,2,33,5,16,31,13,16,5,47,34,2,4,21
644,111,0.8718,9,25,12,36,32,4,31,5,21,27,16,18,5,48,36,1,4,22
645,118,1.1512,6,20,10,37,31,2,30,5,18,30,15,17,5,46,34,2,4,20
646,127,1.0027,16,22,8,35,29,3,32,5,17,29,14,19,5,49,35,1,4,19
647,110,1.1664,11,24,11,34,32,2,29,5,18,29,13,16,5,46,36,2,4,23
648,114,1.4614,16,23,12,37,30,3,31,5,20,27,12,19,5,47,37,2,4,21
649,182,2.5641,17,21,10,35,28,2,32,5,22,31,15,17,5,48,35,1,4,19
650,147,1.2412,18,22,11,36,31,4,30,5,23,28,14,14,5,50,33,2,4,22
651,54,0.2949,14,20,9,34,32,3,35,5,16,30,12,19,5,46,34,1,4,18
652,147,2.0312,11,24,12,38,31,2,33,5,22,28,16,17,5,47,38,1,4,20
653,108,1.5881,14,23,11,35,30,2,29,5,14,26,13,18,5,49,37,2,4,21
654,135,1.2187,15,21,12,37,32,3,31,5,21,30,14,15,5,46,35,2,4,20
655,133,1.1033,9,25,9,36,29,4,30,5,22,29,15,19,5,48,36,1,4,23
656,158,1.2382,10,20,10,34,30,2,32,5,19,31,12,20,5,46,38,2,4,22
657,156,1.9707,13,22,7,38,28,2,29,5,20,27,13,18,5,49,33,1,4,18
658,143,1.1694,12,24,11,35,32,3,31,5,24,29,14,16,5,47,36,2,4,21
659,130,1.7672,16,23,12,36,31,2,33,5,17,28,16,18,5,46,34,1,4,19
660,26,0.1505,11,21,13,34,30,28,28,5,25,30,13,17,5,48,35,2,4,20
661,107,0.6961,15,25,10,37,32,4,29,5,18,29,12,20,5,47,37,1,4,23
662,154,1.2267,13,20,8,35,29,3,32,5,24,31,15,21,5,46,36,2,4,22
663,175,1.5424,8,22,12,34,31,2,30,5,21,28,12,19,5,47,35,1,4,24
664,104,0.5537,17,21,13,36,31,4,34,5,26,27,14,16,5,50,34,2,4,19
665,174,2.7182,14,23,9,38,30,2,31,5,25,24,13,17,5,45,33,1,4,21
666,169,1.7874,12,24,11,35,32,3,30,5,25,30,14,19,5,46,36,2,4,25
667,24,0.1967,18,22,13,37,28,31,33,5,23,29,15,15,5,48,37,1,4,18
668,162,1.5066,7,20,10,36,29,2,32,5,20,30,16,18,5,48,38,2,4,20
669,1,0.0563,10,23,12,1,31,2,28,5,27,27,12,21,5,45,33,1,4,23
670,18,0.2056,15,25,11,34,32,3,29,5,28,26,14,17,5,46,35,25,4,22
671,53,0.6418,13,21,9,36,30,1,31,5,26,31,13,20,5,47,34,3,4,19
672,115,0.9723,6,22,13,37,31,4,30,5,22,29,15,18,5,49,27,2,4,21
673,15,0.0891,9,20,10,19,32,21,33,5,19,28,12,15,5,47,36,12,4,20
674,153,1.9271,16,23,7,39,30,2,28,5,24,30,13,21,5,45,37,1,4,22
675,171,1.8752,13,24,12,35,28,3,24,5,28,28,14,19,5,45,27,2,4,17
676,112,1.2172,11,21,13,34,32,1,32,5,20,25,16,16,5,48,35,3,4,24
677,47,0.2554,17,25,11,35,29,4,36,5,26,32,47,21,5,46,38,1,4,21
678,163,2.0614,14,22,8,37,31,2,31,5,27,29,12,18,5,47,36,1,4,23
679,20,0.068,8,20,5,34,30,1,34,5,25,31,13,19,5,45,27,17,4,19
680,9,0.1256,4,24,50,36,32,3,30,5,28,29,15,14,5,49,26,3,4,20
681,41,0.127,12,23,10,38,33,25,29,5,26,27,14,13,5,46,34,2,4,22
682,14,0.193,16,22,12,36,29,2,26,5,17,30,13,17,5,48,29,29,4,21
683,74,0.8219,18,19,9,35,31,1,32,5,27,31,16,20,5,45,37,1,4,25
684,16,0.1976,15,21,11,39,33,4,31,5,28,28,15,16,5,47,33,38,4,18
685,115,0.9516,14,20,14,34,30,2,29,5,21,26,12,20,5,49,29,2,4,24
686,94,0.9472,10,23,13,37,32,2,27,5,25,30,14,18,5,46,35,3,4,20
687,58,0.2858,11,25,10,22,29,3,50,5,23,29,13,17,5,45,27,1,4,22
688,80,0.9139,9,21,12,35,31,1,28,5,27,28,14,20,5,46,26,3,4,19
689,51,0.3068,15,22,14,36,28,12,33,5,30,32,12,49,5,48,28,1,4,23
690,182,1.5484,12,23,11,34,32,3,30,5,28,27,15,19,5,47,36,2,4,21
691,187,2.8247,13,24,13,37,30,1,31,5,24,30,14,21,5,45,34,1,4,23
692,106,1.3237,13,25,14,38,31,1,31,5,24,30,16,20,5,45,35,2,4,23
693,83,0.8746,12,24,13,38,33,1,32,5,22,31,14,21,5,45,34,3,4,25
694,141,2.2384,14,24,13,37,30,1,30,5,23,29,15,21,5,46,33,1,4,24
695,123,1.3917,16,22,12,39,32,2,31,5,25,28,13,19,5,47,34,2,4,22
696,24,0.2147,13,19,11,36,29,1,34,5,24,30,14,18,5,45,33,19,4,20
697,171,1.4436,15,25,14,37,10,3,32,5,22,29,14,21,5,49,36,1,4,23
698,77,0.7746,13,23,10,39,33,2,29,5,26,31,15,16,5,50,35,3,4,21
699,78,0.445,14,21,12,37,31,4,33,5,18,29,13,17,5,48,37,1,4,18
700,45,0.5577,7,24,9,36,30,1,31,5,20,27,16,19,5,47,34,2,4,22
701,34,0.1909,11,20,13,38,28,15,28,5,24,28,14,21,5,46,38,3,4,19
702,100,0.9666,19,22,11,35,31,2,35,5,25,30,12,18,5,46,32,1,4,24
703,109,0.7776,16,26,14,36,32,3,32,5,23,32,15,20,5,48,36,2,4,20
704,133,1.5856,10,23,8,35,30,1,30,5,26,26,13,15,5,45,35,1,4,21
705,76,0.7119,15,21,12,37,33,4,27,5,21,29,13,17,5,47,27,4,5,22
706,106,0.9565,12,24,10,36,29,3,29,5,27,31,12,19,5,45,26,2,4,17
707,48,0.7614,17,20,13,38,31,2,30,5,16,28,42,21,5,47,35,3,4,25
708,121,1.8122,14,22,11,35,32,1,33,5,26,30,16,16,5,48,33,1,4,19
709,46,0.4838,11,19,14,37,32,2,25,5,24,27,50,18,5,45,34,2,4,23
710,18,0.0661,9,25,13,33,30,45,31,5,25,32,14,19,5,49,36,42,4,21
711,198,1.9675,13,22,10,36,33,3,32,5,28,29,12,20,5,46,28,1,4,20
712,84,0.4494,15,21,9,35,33,4,33,5,28,28,12,17,5,46,28,3,4,20
713,49,0.259,18,22,8,34,33,4,34,5,19,25,12,18,5,47,27,1,4,18
714,127,0.9852,17,21,11,36,33,3,32,5,28,29,13,20,5,50,28,2,4,19
715,14,0.1078,14,20,10,34,34,4,28,5,29,27,12,14,5,12,26,4,4,20
716,60,0.3803,13,23,9,17,31,3,26,5,27,29,28,15,5,48,29,1,4,21
717,110,1.0482,16,19,11,35,32,3,32,5,27,31,13,19,5,46,27,3,4,20
718,97,0.6572,8,23,9,33,33,2,30,5,6,28,12,17,5,46,30,2,4,19
719,71,0.4883,11,22,10,35,32,2,36,5,29,30,38,18,5,49,28,1,4,17
720,152,1.3837,15,20,10,36,31,3,29,5,28,29,15,16,5,48,26,2,4,21
721,99,0.7631,19,21,8,34,34,4,33,5,27,26,13,20,5,47,29,3,4,18
722,69,0.7677,10,22,12,36,33,2,31,5,26,28,31,19,5,45,27,1,4,22
723,65,0.5443,13,23,7,38,32,5,26,5,30,30,14,20,5,47,28,4,4,19
724,123,1.0085,12,20,11,35,31,2,39,5,28,27,15,17,5,46,37,2,4,20
725,103,0.9271,14,19,14,37,28,3,30,5,19,29,13,22,5,48,29,1,4,21
726,79,0.7863,16,21,10,33,32,1,24,5,29,31,12,16,5,45,30,3,4,22
727,85,0.4842,12,22,12,36,34,3,46,5,18,28,14,18,5,46,26,2,4,24
728,102,0.787,9,24,14,34,29,4,27,5,27,30,16,19,5,47,38,1,4,20
729,88,0.5774,14,23,9,35,31,2,35,5,26,32,12,21,3,45,27,4,4,21
730,125,1.5237,15,21,12,37,30,1,32,5,20,29,14,18,5,49,25,2,4,18
731,219,2.9863,17,22,11,39,33,2,29,5,27,27,13,15,5,45,28,1,4,19
732,168,2.0781,18,22,11,39,34,3,29,5,27,26,15,14,5,45,30,2,4,19
733,222,3.1598,17,23,10,39,33,1,28,5,28,24,13,15,5,46,28,1,4,17
734,78,0.9589,19,25,9,39,34,1,28,5,14,46,13,13,5,45,28,3,4,15
735,189,2.7014,17,24,11,39,33,1,28,5,30,27,13,14,5,46,29,1,4,17
736,100,0.9743,17,23,12,39,34,1,27,5,28,25,12,12,5,44,29,3,4,17
737,33,0.5615,18,23,6,38,33,1,29,5,29,23,15,15,5,46,28,2,4,18
738,227,2.4494,17,24,10,39,33,2,25,5,28,27,13,15,5,44,30,1,4,14
739,188,2.1229,17,26,10,40,33,2,24,5,29,24,13,15,5,44,30,1,4,25
740,36,0.5133,16,25,8,39,34,1,25,5,28,24,14,15,5,44,28,4,4,14
741,127,1.2883,18,24,9,39,33,1,25,5,30,27,12,14,5,45,31,2,4,16
742,82,0.7816,19,26,10,39,33,2,27,5,28,23,13,14,5,45,30,3,4,12
743,196,2.0812,16,24,11,39,34,2,26,5,29,25,14,13,5,46,32,1,4,18
744,30,1.1097,17,25,8,39,34,1,26,5,30,25,17,12,5,46,31,2,4,14
745,103,1.5297,16,24,11,40,34,3,25,5,29,25,15,12,5,44,31,1,4,16
746,114,1.3208,17,24,12,39,33,2,24,5,28,26,14,10,5,44,30,3,4,16
747,49,0.6028,18,26,9,38,34,1,26,5,30,23,16,15,5,46,32,2,4,18
748,137,1.5052,16,23,7,40,34,3,26,5,27,26,14,13,5,45,31,1,4,17
749,96,1.0479,17,25,10,38,32,4,27,5,29,24,15,13,5,47,32,3,4,18
750,51,0.1788,16,23,12,39,32,23,24,5,28,26,16,13,5,45,32,2,4,19
751,213,3.1041,19,22,13,39,32,2,28,5,29,25,13,14,5,46,29,1,4,15
752,7,0.0904,19,23,13,40,32,4,28,5,30,25,12,14,5,6,29,1,4,17
753,138,1.1911,19,22,13,38,33,3,26,5,30,23,12,13,5,46,30,1,4,14
754,31,0.2875,18,24,47,40,32,2,27,5,29,24,13,12,5,46,30,1,4,14
755,13,0.1902,18,25,11,38,32,3,24,5,29,25,12,15,5,47,29,23,4,15
756,99,0.6258,19,22,12,40,34,5,25,5,28,26,14,12,5,46,32,1,4,13
757,8,0.1048,7,24,10,39,33,2,28,5,29,27,13,15,5,47,31,46,4,15
758,139,1.011,16,23,13,38,32,4,27,5,28,27,15,16,5,45,29,2,4,13
759,79,0.8667,20,22,11,39,34,2,29,5,13,25,14,14,5,47,29,4,4,16
760,193,2.2639,15,24,14,40,32,3,25,5,27,28,13,10,5,44,28,1,4,16
761,128,1.3652,18,22,12,38,33,1,28,5,28,26,12,16,5,46,30,3,4,25
762,119,1.236,15,26,9,38,33,2,30,5,30,27,15,14,5,45,32,2,4,15
763,162,1.6964,17,23,10,39,32,3,26,5,27,28,13,16,5,48,28,1,4,17
764,32,0.3188,5,22,13,37,31,2,30,5,29,24,14,11,5,16,31,1,4,13
765,107,1.2326,17,25,11,38,34,1,23,5,26,28,12,16,5,47,27,3,4,24
766,136,1.3771,14,23,14,37,31,4,28,5,30,26,15,15,5,45,33,2,4,18
767,36,0.351,16,24,10,39,32,3,27,5,29,31,13,13,5,20,29,1,4,19
768,67,0.8431,15,21,12,37,33,1,29,5,27,28,17,14,5,46,30,3,4,25
769,74,0.3997,19,23,14,37,35,5,30,5,27,30,26,15,5,44,27,2,4,23
770,19,0.1376,14,22,11,40,31,2,31,5,4,24,14,16,5,48,33,1,4,23
771,93,1.279,17,25,9,38,32,2,26,5,28,27,16,17,5,46,28,2,4,26
772,46,0.3742,16,24,13,40,34,5,29,5,26,33,13,15,5,47,29,4,4,16
773,10,0.1785,13,21,12,36,31,1,27,5,28,30,12,17,5,9,27,1,4,19
774,86,1.1882,15,22,11,38,36,3,31,5,29,28,13,16,5,45,29,3,4,17
775,131,1.8247,13,26,7,37,7,4,28,5,30,31,15,14,5,44,31,2,4,13
776,192,2.4379,17,24,14,36,16,1,25,5,26,27,14,13,5,46,30,1,4,24
777,136,1.6489,18,20,10,39,33,2,29,5,28,25,16,17,5,48,28,2,4,18
778,61,0.6796,14,23,12,37,32,3,30,5,27,29,11,15,5,45,27,3,4,22
779,214,2.95,15,22,9,36,31,1,31,5,29,30,12,11,5,47,32,1,4,19
780,31,0.1072,16,21,8,39,31,42,31,5,30,22,12,11,5,48,32,4,4,15
781,12,0.2452,19,25,8,38,31,1,24,5,29,32,11,12,5,49,32,14,4,18
782,148,1.5252,16,23,9,36,31,1,32,5,29,31,14,14,5,50,33,1,4,19
783,64,0.7445,9,24,7,40,33,1,26,5,26,30,12,12,5,47,31,2,4,14
784,31,0.1531,18,20,10,38,35,37,27,5,30,26,12,9,5,47,33,3,5,24
785,173,1.9432,15,22,8,37,31,2,31,5,28,28,14,10,5,48,34,1,4,22
786,63,0.9701,20,23,9,36,34,1,28,5,27,30,15,9,5,44,32,2,4,19
787,102,0.944,17,21,4,36,33,3,30,5,29,31,13,13,5,47,31,1,4,17
788,63,0.6283,16,24,10,37,30,2,23,5,12,28,11,16,5,45,30,4,4,21
789,63,0.8011,12,22,11,40,32,1,32,5,25,27,17,17,5,46,34,2,4,20
790,33,0.3251,15,26,10,35,32,4,25,5,26,23,14,10,5,49,32,20,4,23
791,168,1.4264,18,20,9,37,31,3,29,5,28,29,12,11,5,44,30,1,4,18
792,69,0.9954,13,23,11,38,30,2,33,5,30,30,13,15,5,46,34,3,4,26
793,14,0.0709,7,25,9,35,34,30,31,5,27,32,16,45,5,47,35,35,4,16
794,89,1.0182,14,21,12,36,33,1,28,5,29,29,15,14,5,44,29,2,1,19
795,216,2.4729,10,22,11,39,35,2,26,5,28,25,14,16,5,47,33,1,4,25
796,90,0.6807,13,21,6,34,36,3,34,5,26,27,11,16,5,48,33,2,4,25
797,35,0.3757,8,22,8,36,35,1,30,5,27,31,13,17,5,48,34,3,4,25
798,57,0.3136,10,20,10,24,30,4,32,4,25,28,12,6,5,50,35,1,4,25
799,214,2.3309,8,22,13,37,31,2,31,5,15,26,15,16,5,49,26,1,4,26
800,60,0.3282,8,20,13,38,30,5,31,5,17,26,16,16,5,48,26,1,4,25
801,52,0.3045,6,22,12,15,31,3,31,5,26,24,15,17,5,49,26,1,4,26
802,164,1.5801,9,21,11,39,31,3,32,5,27,25,15,16,5,49,33,1,4,26
803,136,1.3824,10,23,13,38,30,2,30,5,17,26,14,15,5,50,27,2,4,26
804,20,0.1475,10,7,13,37,2,4,33,5,14,27,14,17,5,50,25,1,4,24
805,15,0.085,8,36,12,39,32,17,31,5,16,24,16,16,5,49,35,3,4,24
806,114,1.0858,9,19,10,41,31,2,29,5,15,26,13,18,5,47,26,2,4,12
807,69,0.5618,10,23,12,37,29,4,32,5,14,25,15,17,5,48,33,1,4,22
808,66,0.7785,12,21,14,35,32,3,29,5,13,33,14,15,5,49,27,3,4,20
809,98,1.2825,11,22,9,40,30,2,30,5,12,28,17,7,5,47,35,1,4,26
810,11,0.1308,7,23,11,38,31,3,33,5,15,30,12,18,5,47,14,16,4,14
811,120,1.1779,6,19,13,34,32,1,31,5,16,27,13,17,5,49,34,2,4,21
812,69,0.5643,8,10,10,36,30,2,34,5,25,29,15,15,5,48,8,1,5,24
813,23,0.1096,11,21,11,35,32,4,32,5,28,28,14,16,5,47,30,32,4,26
814,56,0.531,12,24,14,38,31,2,29,5,27,32,11,18,5,45,27,4,4,23
815,130,1.1742,9,22,8,36,29,3,30,4,15,22,13,16,5,46,31,2,4,22
816,141,2.1058,9,23,12,34,33,1,28,5,26,30,15,17,5,46,25,1,4,20
817,66,0.4282,11,25,9,37,30,5,31,5,28,26,12,20,5,50,29,3,4,23
818,153,2.3368,19,20,13,39,31,1,32,5,25,31,14,15,5,48,33,2,4,21
819,134,1.5316,7,22,15,37,36,2,30,5,27,27,16,18,5,45,28,1,4,25
820,83,0.7064,20,24,11,35,32,3,28,5,26,29,13,16,5,47,34,3,4,20
821,1,0.0438,15,21,10,40,30,2,33,5,28,28,11,19,5,1,26,4,4,22
822,142,1.6766,10,20,15,34,13,1,27,5,28,30,12,18,5,45,28,2,4,19
823,3,0.0417,13,23,12,3,33,13,29,5,25,24,14,14,5,3,32,1,4,21
824,149,1.1228,8,22,14,36,32,3,31,5,27,29,15,17,5,46,36,1,4,19
825,65,0.5037,5,25,9,38,31,5,30,5,22,27,13,15,5,48,27,3,4,24
826,41,0.1975,12,21,11,5,35,4,34,5,30,25,17,20,5,47,30,2,4,20
827,11,0.1653,14,24,13,35,31,1,32,5,28,31,13,16,5,45,35,50,4,26
828,170,1.8119,17,23,10,41,33,2,27,5,26,28,11,18,5,49,29,1,4,22
829,150,2.1742,17,26,12,37,34,3,30,5,27,30,16,19,5,44,25,2,4,17
830,42,0.5355,15,19,6,39,29,2,29,5,29,26,14,16,5,46,31,3,4,24
831,253,3.0548,18,22,15,36,28,1,24,5,28,23,12,21,5,47,34,1,4,15
832,33,0.5937,19,24,7,37,27,1,24,5,14,22,11,21,5,49,33,4,4,14
833,26,0.121,18,22,11,38,28,26,23,5,25,23,11,22,5,48,34,2,4,15
834,190,2.662,10,23,9,36,27,1,25,5,30,50,12,21,5,50,32,1,4,13
835,49,0.2234,19,25,13,37,28,21,26,5,27,25,12,20,5,47,33,2,4,16
836,196,2.0655,20,22,10,36,28,1,23,5,29,24,12,21,5,48,31,1,4,15
837,80,0.8158,8,24,12,39,29,2,25,5,23,23,13,20,5,46,26,3,4,16
838,8,0.1579,11,23,14,38,29,1,24,5,26,22,11,22,5,47,28,26,4,14
839,14,0.0724,18,20,11,37,28,32,24,5,28,26,12,20,5,44,29,37,4,15
840,112,0.7995,20,22,8,35,30,3,33,5,21,24,13,19,5,49,27,1,4,13
841,45,0.4144,9,25,15,39,30,1,25,5,10,32,14,47,5,48,33,3,4,25
842,152,2.2242,13,21,14,36,29,2,23,5,28,23,13,14,4,45,34,2,4,17
843,146,1.3321,12,23,10,34,31,3,28,5,15,25,15,21,5,46,28,2,4,23
844,109,0.6193,18,24,12,38,30,4,32,5,26,27,12,20,5,47,31,1,4,24
845,49,0.5769,7,22,13,40,32,1,27,5,29,33,15,19,5,44,30,5,4,18
846,26,0.3862,17,20,9,36,30,2,31,5,24,28,14,22,5,22,26,4,4,25
847,232,2.8119,11,23,11,37,34,1,33,5,27,30,12,15,5,49,32,1,4,23
848,84,1.1859,10,26,12,40,35,1,34,5,26,31,11,15,5,50,32,2,4,23
849,197,2.3926,10,24,11,38,36,1,26,5,25,30,13,14,5,50,32,1,1,25
850,55,0.572,11,25,13,37,35,1,35,5,27,32,13,14,5,49,33,3,5,24
851,1,0.0443,11,23,15,21,34,2,33,5,1,31,14,15,5,49,34,1,4,23
852,52,0.6838,9,24,11,39,27,1,37,5,16,30,15,13,5,49,32,3,4,26
853,57,0.666,19,26,14,37,31,2,27,5,25,26,34,8,5,48,35,2,4,22
854,221,3.2149,9,23,13,35,29,1,28,5,27,28,12,16,5,48,33,1,4,11
855,134,1.4926,9,21,13,39,28,1,25,5,26,27,11,15,5,49,34,2,4,16
856,49,0.5247,9,23,12,38,27,1,28,5,23,28,11,17,5,50,33,4,4,12
857,249,3.6678,7,24,13,41,28,1,27,5,27,25,11,16,5,50,33,1,4,17
858,93,1.1014,8,22,13,41,27,1,27,5,27,24,11,15,5,50,32,3,4,11
859,243,2.5524,7,25,14,39,28,1,26,5,27,25,11,16,5,50,33,1,4,11
860,242,2.5183,6,25,13,41,27,1,27,5,13,24,12,16,5,50,33,1,4,13
861,197,2.621,6,26,13,41,27,1,26,5,13,22,11,14,5,50,33,1,4,10
862,205,2.0382,3,26,13,41,27,1,27,5,13,23,11,16,5,50,33,1,4,11
863,144,1.4472,5,25,13,41,27,2,27,5,17,25,11,15,5,50,32,1,4,10
864,230,2.7349,5,25,14,42,27,1,26,5,15,23,11,16,5,50,32,1,4,12
865,215,2.6791,6,26,14,43,26,1,25,5,16,23,11,14,5,50,33,1,4,11
866,206,2.4833,4,26,14,44,26,1,25,5,14,23,11,14,5,50,32,1,4,12
867,159,1.6676,6,12,14,43,27,1,24,5,15,22,11,13,5,50,33,2,4,10
868,160,2.48,5,35,14,44,26,1,26,5,11,23,11,14,5,50,32,1,4,11
869,93,1.0606,5,27,14,43,26,1,25,5,16,21,10,12,5,50,32,2,4,11
870,177,1.9607,4,26,14,41,26,1,26,5,12,24,11,15,5,50,33,1,4,8
871,232,2.5182,6,25,15,45,27,1,25,5,15,24,11,13,5,50,32,1,4,12
872,12,0.0857,2,26,14,45,27,35,23,5,13,23,10,13,5,50,32,2,4,12
873,58,0.8246,6,25,15,44,27,1,24,5,15,24,10,12,5,49,31,3,4,9
874,163,1.9676,5,39,15,45,27,1,25,5,16,23,11,14,5,50,32,1,4,11
875,122,1.3355,6,27,15,42,26,1,26,5,14,22,10,11,5,50,33,2,4,13
876,229,2.4985,4,25,14,44,27,1,25,5,15,21,11,12,5,50,31,1,4,9
877,19,0.2091,3,2,14,44,25,1,23,5,15,22,11,13,5,50,31,2,4,8
878,47,0.4673,4,5,15,43,27,1,25,5,15,21,11,11,5,49,31,3,4,12
879,129,1.5387,2,24,14,45,26,1,24,5,12,21,10,11,5,50,31,1,4,10
880,11,0.0908,4,26,15,44,26,50,24,5,10,21,10,12,5,50,32,1,4,9
881,78,0.6943,6,25,13,45,27,2,26,5,12,24,11,12,5,49,31,2,4,11
882,84,0.7656,7,25,14,45,28,1,25,5,14,23,11,13,5,49,33,3,4,10
883,203,2.1105,5,27,15,42,27,1,27,5,14,24,11,12,5,50,32,1,4,12
884,79,0.949,6,26,13,42,25,2,26,5,8,25,12,13,5,50,31,2,4,12
885,108,1.488,7,27,14,43,28,2,25,5,15,24,10,9,5,49,33,1,4,9
886,57,0.7604,5,25,13,44,28,1,23,4,15,22,12,13,5,50,32,3,4,10
887,56,0.5119,3,25,15,42,26,3,24,5,14,25,11,14,5,49,31,2,4,12
888,48,0.4973,6,25,14,46,28,2,27,5,14,23,10,14,5,49,33,4,4,11
889,207,2.429,7,26,13,43,27,1,26,5,11,21,12,11,4,50,31,1,4,13
890,150,1.8573,5,25,15,43,27,2,25,5,13,25,12,10,5,49,32,1,4,9
891,32,0.3006,7,24,13,42,25,3,27,5,17,24,11,13,5,49,32,12,4,13
892,71,0.7275,5,27,14,43,26,1,26,5,16,22,12,15,5,50,33,3,4,14
893,119,1.3869,7,25,15,41,28,1,24,5,16,23,10,12,5,49,31,2,4,13
894,107,0.8022,6,24,13,41,28,3,27,5,13,25,11,14,5,50,33,1,4,11
895,137,1.2037,4,14,15,45,26,2,25,5,16,25,12,15,5,49,31,2,4,8
896,46,0.716,2,24,13,43,27,1,28,5,14,24,24,15,5,50,33,1,4,11
897,44,0.5468,8,38,12,41,27,3,23,5,15,23,12,13,5,49,34,3,4,14
898,72,0.7993,7,26,14,44,28,2,26,5,12,24,10,14,3,50,32,2,4,6
899,233,2.6861,5,23,15,42,26,1,27,5,16,21,11,11,5,49,31,1,4,7
900,32,0.4224,4,24,15,42,25,1,25,5,15,20,10,10,5,49,32,4,4,7
901,102,1.0169,4,25,15,44,25,1,26,5,17,20,11,3,5,49,31,2,5,6
902,217,2.5257,5,23,15,46,26,1,27,5,16,22,10,11,5,50,33,1,4,8
903,39,0.5588,4,25,15,46,28,1,27,5,17,22,10,9,5,50,33,3,4,5
904,77,0.8407,3,23,15,47,25,1,27,5,16,21,10,9,5,50,34,2,4,7
905,181,2.4049,5,26,15,47,26,1,24,5,17,21,10,11,5,50,32,1,4,10
906,201,2.1096,3,23,15,43,26,1,26,5,16,21,10,10,5,49,33,1,4,7
907,31,0.3892,6,24,14,44,26,2,25,5,13,22,11,10,5,50,34,3,1,9
908,109,1.3384,6,27,14,46,25,1,27,5,15,20,11,11,5,49,31,2,4,8
909,47,0.5104,5,23,15,46,27,2,26,5,14,21,10,12,5,48,33,4,4,9
910,244,3.1343,5,25,14,43,26,1,28,5,17,22,12,11,5,48,34,1,4,7
911,74,0.6953,5,27,14,45,24,3,28,5,18,22,11,12,5,50,34,2,4,7
912,234,3.0953,4,26,14,45,25,1,27,5,17,22,11,10,5,49,34,1,4,8
913,30,0.4023,2,26,15,44,24,1,27,5,17,21,10,9,5,50,34,3,4,8
914,186,2.0113,3,27,14,45,24,1,28,5,17,20,11,8,5,49,33,1,4,6
915,70,0.8656,4,27,16,45,25,1,27,5,18,22,11,10,3,49,34,2,4,8
916,164,1.6064,5,26,14,46,25,1,26,5,17,22,10,11,5,50,33,1,4,5
917,6,0.0612,4,26,16,47,26,47,28,4,18,20,29,8,5,48,32,28,4,7
918,68,1.0291,6,25,14,43,26,2,25,5,17,23,11,10,5,49,34,3,4,9
919,92,0.8913,3,25,15,44,25,2,26,5,16,23,12,11,5,50,31,2,4,9
920,31,0.331,1,9,15,45,26,1,27,5,16,22,10,9,5,48,32,4,4,8
921,115,0.954,5,27,13,42,27,3,28,5,16,21,10,12,5,49,33,1,4,10
922,33,0.3961,6,25,14,44,24,1,24,5,15,23,12,12,5,50,30,5,4,12
923,83,1.1909,4,26,16,43,27,2,25,5,16,23,12,7,5,48,34,2,4,5
924,5,0.0907,6,25,13,42,25,3,27,5,18,22,11,10,5,49,30,21,4,6
925,169,1.8001,2,24,15,42,26,1,26,5,15,21,11,11,4,50,32,1,4,7
926,27,0.1538,4,26,13,45,27,15,23,5,17,20,12,12,5,48,33,3,4,8
927,131,1.3027,7,24,14,43,27,2,28,5,17,23,10,11,5,49,31,1,4,9
928,92,0.7026,6,25,16,46,26,1,24,5,16,22,12,13,5,50,34,3,4,11
929,15,0.0889,5,27,14,47,27,38,27,5,14,24,10,13,5,48,32,2,4,10
930,32,0.1823,7,25,15,45,25,11,25,5,15,21,11,9,5,49,33,1,4,7
931,65,0.5142,3,24,12,42,26,3,28,5,9,23,12,10,5,50,30,2,4,12
932,165,1.8073,4,26,13,43,28,2,26,5,18,22,11,12,5,48,31,1,4,4
933,42,0.5377,5,24,16,44,25,1,28,5,13,24,9,13,5,33,34,3,4,6
934,9,0.12,7,25,14,41,23,3,25,5,15,20,12,11,5,48,32,45,4,10
935,9,0.1167,7,24,15,43,27,2,27,5,16,23,43,15,5,50,33,24,4,11
936,176,1.796,6,26,12,44,28,1,26,5,13,21,11,14,5,49,30,1,4,13
937,85,0.9486,5,23,13,41,26,2,24,5,17,24,10,16,5,49,31,2,4,10
938,10,0.2229,3,27,2,42,24,1,23,5,14,22,12,12,5,48,34,3,4,13
939,97,0.7883,6,25,13,45,28,3,28,5,16,24,9,10,5,50,32,1,4,8
940,88,0.7641,7,24,15,41,27,1,27,5,15,22,12,15,5,48,33,4,4,9
941,76,0.9941,4,24,14,44,28,2,26,5,18,23,10,14,5,50,34,2,4,12
942,158,1.7093,8,23,12,42,25,3,25,5,16,24,12,16,5,49,30,1,4,7
943,12,0.112,5,23,33,47,26,27,28,5,14,25,11,13,5,48,31,2,4,11
944,252,2.871,8,25,16,46,27,1,27,5,17,20,12,15,5,50,32,1,4,7
945,3,0.0494,8,24,16,46,28,2,28,5,18,21,12,16,5,49,30,4,4,3
946,59,0.5848,8,25,16,48,27,1,27,5,18,20,12,8,5,48,31,3,4,6
947,96,1.0459,8,23,16,46,28,3,27,5,17,21,12,16,5,50,32,2,5,4
948,194,2.6401,7,24,16,47,27,2,28,5,17,21,12,15,5,49,30,1,4,6
949,238,2.4344,5,23,16,45,28,1,26,5,15,19,11,11,5,48,3,1,4,8
950,87,0.7647,4,34,15,46,28,1,27,5,13,20,10,11,5,48,11,2,4,7
951,41,0.3985,3,25,16,45,28,1,28,5,11,19,9,11,5,50,30,3,4,8
952,14,0.1678,2,24,15,47,27,1,26,5,15,20,11,9,5,49,16,5,4,8
953,16,0.1538,5,37,16,45,28,24,26,5,14,19,10,10,5,48,31,1,4,7
954,171,2.3247,5,23,15,46,26,1,27,5,16,19,9,10,5,50,30,1,4,5
955,90,0.9987,4,25,16,48,27,2,28,5,15,20,11,12,5,49,32,2,4,8
956,128,1.3189,6,23,16,47,24,1,29,5,13,20,10,11,5,48,31,2,4,9
957,53,0.5184,6,25,15,45,28,3,25,4,17,22,40,12,5,50,32,3,4,6
958,135,1.3274,5,24,14,44,4,2,27,5,12,21,11,9,5,49,34,1,4,8
959,24,0.3789,7,26,15,46,26,1,26,5,14,22,12,11,5,48,10,4,1,7
960,87,1.1145,3,23,16,46,25,2,24,5,18,19,11,13,5,50,30,2,4,6
961,7,0.0963,4,24,14,45,27,3,28,5,15,19,10,10,5,48,32,18,4,9
962,292,3.4901,7,26,14,44,28,1,26,5,16,19,12,12,5,49,13,1,4,9
963,6,0.114,6,27,15,44,26,1,25,5,16,19,48,7,5,9,12,13,4,9
964,149,1.65,5,27,14,44,28,1,26,5,14,20,9,12,5,49,2,1,4,10
965,13,0.3111,1,26,16,45,27,1,39,5,16,19,11,11,5,50,29,3,4,8
966,151,2.1112,7,26,14,43,28,1,26,5,15,20,12,12,5,49,10,2,4,7
967,242,2.645,5,25,15,44,25,1,23,5,14,21,12,10,5,50,4,1,4,10
968,62,0.5718,6,27,16,43,24,2,22,5,14,19,12,8,5,49,2,3,4,10
969,27,0.2623,4,26,15,44,23,1,23,5,13,18,12,13,5,50,2,5,4,10
970,122,1.0834,2,28,13,43,25,2,23,5,14,21,12,10,5,48,4,1,4,12
971,88,1.0699,7,26,14,44,24,3,23,5,13,19,11,9,5,49,4,2,4,9
972,26,0.4891,7,25,14,44,28,1,24,5,12,21,12,10,5,14,4,1,4,11
973,52,0.5054,3,25,16,42,26,2,22,5,11,20,12,12,5,49,8,3,4,14
974,7,0.0869,5,27,13,42,27,3,24,5,13,20,13,13,5,50,6,41,4,9
975,132,1.3337,6,25,15,45,25,1,25,5,15,21,11,9,5,48,5,2,4,10
976,9,0.0705,4,40,13,43,29,2,43,5,15,22,13,8,4,50,3,4,4,11
977,261,2.6423,8,26,16,42,27,1,23,5,14,19,11,12,5,48,5,1,4,12
978,85,0.6601,8,28,14,42,27,4,23,5,14,18,10,11,5,48,29,1,4,13
979,12,0.0768,8,27,16,43,26,29,22,5,12,18,11,11,5,49,3,3,4,14
980,113,0.9039,7,27,15,41,28,3,24,5,14,19,11,12,5,48,5,1,4,13
981,114,1.1587,6,26,13,45,25,1,23,5,12,19,10,10,5,49,6,2,4,12
982,10,0.0519,8,26,14,42,27,2,24,1,14,20,11,13,5,18,9,34,4,11
983,253,2.7883,6,25,15,41,24,1,22,5,13,19,12,12,5,48,1,1,4,10
984,7,0.123,6,26,16,41,23,1,22,5,11,18,10,12,5,48,2,30,4,10
985,89,0.9101,7,28,15,42,24,1,22,5,10,19,9,11,5,48,3,2,4,12
986,73,1.2497,5,25,16,44,24,1,22,5,13,18,11,11,5,29,1,1,4,11
987,90,1.0345,8,27,15,43,25,1,23,5,12,19,12,12,5,49,1,3,4,10
988,111,1.1395,5,26,15,43,24,2,22,5,13,20,10,9,5,50,1,1,4,9
989,63,0.5682,7,25,16,41,23,1,24,5,11,21,11,13,5,48,5,4,4,12
990,7,0.1059,6,25,14,44,25,2,23,5,13,20,12,10,5,50,4,48,4,9
991,92,0.8292,4,26,14,42,23,1,25,5,14,18,12,12,5,48,2,2,4,10
992,119,1.2192,6,25,15,43,27,2,24,5,15,19,10,10,5,49,3,1,4,13
993,14,0.1291,8,27,16,41,26,17,25,5,14,21,9,13,5,48,31,3,4,11
994,62,0.5673,3,28,13,45,26,3,22,5,13,20,11,12,5,49,7,2,4,14
995,233,2.8128,5,25,14,45,24,1,24,5,15,21,12,11,5,50,4,1,4,7
996,138,1.3529,5,26,15,45,23,1,23,5,15,21,11,9,5,50,3,2,4,5
997,28,0.3102,4,25,17,44,22,1,24,5,12,22,9,11,5,50,3,4,4,6
998,231,2.8217,6,26,14,46,23,1,22,5,15,21,12,10,5,50,5,1,4,7
999,71,0.84,5,27,16,46,22,1,22,5,15,21,11,10,5,50,4,3,5,7
